Nom du Produit en Français,Type de production,Catégorie,Score unique EF3.1 (mPt/kg),Changement climatique (kg CO2 eq/kg),Appauvrissement de la couche d'ozone (kg CFC11 eq/kg),Rayonnements ionisants (kBq U-235 eq/kg),Formation photochimique d'ozone (kg NMVOC eq/kg),Particules (disease inc./kg),Effets toxicologiques sur la santé humaine : substances non-cancérogènes* (CTUh/kg),Effets toxicologiques sur la santé humaine : substances cancérogènes* (CTUh/kg),Acidification terrestre et eaux douces (mol H+ eq/kg),Eutrophisation eaux douces (kg P eq/kg),Eutrophisation marine (kg N eq/kg),Eutrophisation terreste (mol N eq/kg),Écotoxicité pour écosystèmes aquatiques d'eau douce (CTUe/kg),Utilisation du sol (Pt/kg),Épuisement des ressources eau (m3 depriv./kg),Épuisement des ressources énergétiques (MJ/kg),Épuisement des ressources minéraux (kg Sb eq/kg),Changement climatique - émissions biogéniques (kg CO2 eq/kg),Changement climatique - émissions fossiles (kg CO2 eq/kg),Changement climatique - émissions liées au changement d'affectation des sols (kg CO2 eq/kg)
"Abricot, conventionnel, moyenne nationale, au verger, France",Culture,Agricultural\Plant production\Fruits\Transformation,0.1003435699999999,0.2501659,4.1355305e-09,0.048497323,0.00045016069,9.4935133e-09,1.1071839e-08,2.2536347e-10,0.00087381272,8.7995293e-05,0.021865824,0.0043976622,9.1832483,349.43667,1.3076876,2.4443178,2.2151548e-06,0.0028400584,0.24724919,7.6655116e-05
"Agneau système de production conventionnel en intérieur, à la ferme, France",Elevage,Agricultural\Animal production\Ovine\Transformation,1.9856254,16.27978,7.2197786e-08,0.32922006,0.026482343,2.3242601e-06,3.0182677e-07,8.0278604e-09,0.34217637,0.00077523412,0.064474518,1.5208072,82.48711399999999,1773.3846,2.7199933,30.32025,1.9394663e-05,10.911549,5.1414292,0.22680228
"Agneau, conventionnel, système Roquefort, à la ferme, France",Elevage,Agricultural\Animal production\Ovine\Transformation,0.62785443,4.6873498,1.8443526e-08,0.20950848,0.0054939537,8.0467227e-07,5.5103601e-08,1.8962145e-09,0.11665032,0.00023062219,0.02153316,0.51764076,17.2774945,521.4066,0.27022839,12.159355,6.3553003e-06,2.8810066,1.7455435,0.060799642
"Algue production non optimisée, 1 kg d'algues (Laminaria), poids frais, France",Aquaculture,Agricultural\Plant production\Other\Transformation,0.12247905,0.86620472,1.0532802e-07,0.1598571,0.0056131153,1.2412352e-07,1.1274127e-08,8.9053365e-10,0.017132767,0.00026034008,0.0016630246,0.016265381,7.953527899999999,2.5323882,0.46385582,15.113294,1.0985935e-05,0.0029410367,0.86243639,0.00082729562
"Algue production optimisée, 1 kg d'algues (Laminaria), poids frais, France",Aquaculture,Agricultural\Plant production\Other\Transformation,0.011675525,0.10356704,2.8491848e-09,0.023210133,0.00074452272,8.8500266e-09,6.9311841e-10,1.2960371e-10,0.00098647192,2.0444087e-05,0.00025302572,0.0024310569,0.36547896,0.24311453,0.053450563,2.1055645,3.8569718e-07,0.0004368678,0.10308973,4.0439833e-05
"Ananas, production mixte, à la ferme, île de la Réunion",Culture,Agricultural\Plant production\Fruits\Transformation,0.12143745,1.3367536,4.9812729e-09,0.022489059,0.0018617888,1.7244292e-07,2.4793599e-09,1.0777369e-10,0.01215407,2.3584724e-05,0.0066997408,0.096634422,3.32777227,26.017306,0.18288697,3.1461735,1.5528309e-06,0.41579998,0.92086952,8.4044733e-05
"Anchois européenne, Engraulis encrasicolus, atlantique centre est, senne, au débarquement, Maroc",Pêche,Agricultural\Animal production\Fish\Transformation,0.091813325,0.48485714,1.0283864e-08,0.0043683591,0.01066826,1.1206559e-07,4.3129604e-09,3.106012e-10,0.014628451,3.1425885e-05,0.0035723973,0.038825756,3.2004459,1.1254458,0.023421662,6.2937233,6.7702367e-06,0.0001050839,0.48399559,0.00075647068
"Avoine, moyenne nationale, alimentation animale, à la ferme, France",Culture,Agricultural\Plant production\Cereals\Transformation,0.079602399,0.55512354,6.653186e-09,0.0086291617,0.0017374887,5.5130877e-08,1.4805134e-08,1.0422817e-09,0.0087047911,0.00017285429,0.007073108,0.038715775,7.9976134,106.18051,0.12413737,2.2993856,1.5671997e-06,9.2248565e-05,0.43045332,0.12457798
"Banane conventionnelle, à la ferme, Antilles",Culture,Agricultural\Plant production\Fruits\Transformation,0.040168779,0.17837742,3.2396754e-09,0.015778248,0.00084751563,4.8855726e-08,2.9137793e-09,5.7746234e-11,0.0069840975,1.9083297e-05,0.0004369033,0.030403158,9.7769634,17.122587,0.30748788,2.012917,9.9221455e-07,0.00022585405,0.17807244,7.9133291e-05
"Bar ou daurade, 200-500g, conventionnel, en cage, à la ferme, France",Aquaculture,Agricultural\Animal production\Fish\Transformation,0.73690534,4.5371811,5.831633e-07,0.5450682,0.022399278,2.6888661e-07,1.0491257e-07,1.5120436e-09,0.024255733,0.00031741251,0.23110825,0.088419482,52.811012,74.875351,1.0273173,62.854979,4.4951729e-06,0.044196397,4.1400656,0.35291907
"Betterave pour du jus, conventionnel, à la ferme, France",Culture,Agricultural\Plant production\Roots and tubers\Transformation,0.011181053,0.077000741,1.2777624e-09,0.0032236713,0.00028903893,5.0080132e-09,2.8525243e-09,8.9191692e-11,0.00068752111,1.2881773e-05,0.00047944365,0.0024652657,2.74928947,2.5602706,0.29883141,0.6036759,8.2644042e-07,3.5815858e-05,0.076728864,0.00023606106
"Betteraves, moyen conventionnel, national, alimentation animale, à la ferme, France",Culture,Agricultural\Animal feed\Feed ingredients\Transformation\Roots and tubers based,0.0059671657,0.038400502,6.2825862e-10,0.0018011734,0.00010414634,3.6241032e-09,2.5209911e-09,6.2541358e-11,0.00053448862,9.5455728e-06,0.00028475275,0.0023417613,2.30932271,7.6718129,0.017618213,0.19528701,1.5028387e-07,8.2844919e-05,0.029341387,0.00897627
"Blé dur, conventionnel, moyenne nationale, à la ferme, France",Culture,Agricultural\Plant production\Cereals\Transformation,0.091423379,0.73260721,9.0183729e-09,0.032256948,0.0023656983,5.4574959e-08,8.0432372e-09,1.3465386e-09,0.0089064029,0.000235699,0.0077423763,0.039562057,5.1555592,104.01992,0.44952111,3.7662174,2.3229803e-06,0.00014402833,0.61057723,0.12188595
"Blé tendre, conventionnel, améliorant protéine, 15% d'humidité, à la ferme, France",Culture,Agricultural\Plant production\Cereals\Transformation,0.0839398309999999,0.65185255,8.7524958e-09,0.025663634,0.0022898825,5.7592112e-08,7.7971411e-09,1.0450869e-09,0.0093128347,0.00014939751,0.0063092688,0.041421847,10.5051585,77.253304,0.34509977,3.3874795,2.1215918e-06,0.00016035508,0.56129032,0.090401873
"Blé tendre, conventionnel, moyenne nationale, alimentation animale, à la ferme, France",Culture,Agricultural\Plant production\Cereals\Transformation,0.064235191,0.47229038,6.4129605e-09,0.010719945,0.0015615221,4.691438e-08,2.5978762e-09,7.6170444e-10,0.0074020551,0.00010999814,0.0051658877,0.032289078,9.9158369,69.199264,0.14308273,2.2176601,1.6811547e-06,0.00012186826,0.39118449,0.080984021
"Blé tendre, conventionnel, panifiable, 15% d'humidité, à la ferme, France",Culture,Agricultural\Plant production\Cereals\Transformation,0.064280036,0.47264204,6.417333e-09,0.010725267,0.0015626531,4.6942437e-08,2.5994413e-09,7.6225506e-10,0.0074065715,0.00011007586,0.0051696501,0.032308811,9.9251284,69.246986,0.14317852,2.2193689,1.6825217e-06,0.00012192601,0.39148024,0.081039878
"Blé tendre, levier culture intermédiaire systématique du scénario, à la ferme, France",Culture,Agricultural\Plant production\Cereals\Transformation,0.060194273,0.44549504,6.3915778e-09,0.0098060641,0.0014691794,4.8123843e-08,1.0412687e-08,6.8502609e-10,0.0075421435,9.3671661e-05,0.0040696049,0.033234592,4.9704166,61.634971,0.16019659,2.1167368,1.3609514e-06,8.73336e-05,0.37330126,0.072106443
"Blé tendre, levier légumineuse dans rotation, à la ferme, France",Culture,Agricultural\Plant production\Cereals\Transformation,0.0589010509999999,0.42903985,5.731476e-09,0.0089412798,0.0013314291,4.3191712e-08,1.0049761e-08,6.6737923e-10,0.0067706042,8.9728411e-05,0.0050150817,0.029807812,5.0223828,71.06043,0.1465729,1.8966516,1.2114814e-06,7.9369723e-05,0.34572138,0.083239093
"Blé tendre, scénario de base, à la ferme, France",Culture,Agricultural\Plant production\Cereals\Transformation,0.060542562,0.4445626,6.2783818e-09,0.0094534545,0.0014556664,4.7477264e-08,1.0879129e-08,5.7183184e-10,0.0074498036,9.3318803e-05,0.0049697319,0.032882115,3.6609278,61.626839,0.15972047,2.0443829,1.2977475e-06,8.5697274e-05,0.37237267,0.072104232
"Boeuf, moyenne nationale, à la ferme, France",Elevage,Agricultural\Animal production\Bovine\Transformation,1.3518282,14.474184,5.4273208e-08,0.30685289,0.020942186,1.3817053e-06,2.1237667e-07,5.7423135e-09,0.2055071,0.00057342882,0.043273688,0.91130068,72.969244,965.59624,1.1559368,24.202021,1.7488165e-05,10.881833,3.6200385,-0.027686679
"Brebis de réforme, conventionnel, intérieur, à la ferme, France",Elevage,Agricultural\Animal production\Ovine\Transformation,2.0403133,18.277782,6.8837761e-08,0.23990469,0.027257438,2.3192601e-06,2.9328906e-07,8.3787684e-09,0.34324591,0.00081134845,0.072251616,1.5271387,71.60073600000001,1806.9788,1.0605689,27.636369,2.1016636e-05,12.364901,5.3284688,0.58441226
"Brebis de réforme, conventionnel, système Roquefort , à la ferme, France",Elevage,Agricultural\Animal production\Ovine\Transformation,1.0287389,7.1288865,4.5972606e-08,0.23763096,0.012072869,1.3391538e-06,1.0358822e-07,4.0225842e-09,0.19547454,0.0005447465,0.029603477,0.86767254,43.091496,766.85,1.6354931,18.004795,1.0998089e-05,4.2627631,2.9947175,-0.12859416
"Canard à rôtir,  conventionnel, à la ferme, France",Elevage,Agricultural\Animal production\Avian\Transformation,0.46387401,3.0044383,4.4649952e-08,0.17855559,0.0095020865,4.8740367e-07,4.3836749e-08,3.1289941e-09,0.069222214,0.00052420113,0.018035001,0.30084871,133.15131,209.13257,1.1464256,16.982273,9.2065179e-06,0.70117291,1.7434379,0.55982742
"Canard Engraissement,  conventionnel, à la ferme, France",Elevage,Agricultural\Animal production\Avian\Transformation,0.5561084300000001,3.1339818,5.953831e-08,0.483091,0.0089341056,6.6136559e-07,3.7136218e-08,3.2384773e-09,0.094994857,0.0006867777,0.020388037,0.41744109,81.137411,231.89648,1.4662798,25.840509,1.1197993e-05,0.77712791,2.0645401,0.29231379
"Carotte conventionnelle, moyenne nationale, à la ferme, France",Culture,Agricultural\Plant production\Vegetables\Transformation,0.017549519,0.067747759,3.1225603e-09,0.023361262,0.00025376935,6.6649319e-09,5.747495e-09,1.1187463e-10,0.00094785215,2.369872e-05,0.00086790745,0.0025040223,13.227628,6.450537,0.2805004,1.1579311,9.633161e-07,9.2132866e-05,0.067592249,6.3377671e-05
"Carotte, conventionnel, automne, Creances, Basse-Normandie, à la ferme, France",Culture,Agricultural\Plant production\Vegetables\Transformation,0.0078541219,0.048468174,2.7350036e-09,0.0061452219,0.00016609899,3.4917117e-09,1.1399316e-09,7.1059872e-11,0.00044361928,1.475852e-05,0.00033947304,0.0015184183,4.047427,6.1907305,0.063545434,0.63574186,5.1897656e-07,4.0496401e-05,0.048377446,5.0231208e-05
"Carotte, conventionnel, automne, Mont St. Michel, Basse-Normandie, à la ferme, France",Culture,Agricultural\Plant production\Vegetables\Transformation,0.0070872042,0.047506944,2.0511216e-09,0.0030348728,0.0001581938,3.1279038e-09,1.3688213e-09,6.5797302e-11,0.00042368761,1.2125365e-05,0.00043784105,0.0015390187,3.4657651,5.8362734,0.02192567,0.54202653,4.4335803e-07,2.8197358e-05,0.047437905,4.0841804e-05
"Carotte, conventionnel, automne, Val de Saire, Basse-Normandie, à la ferme, France",Culture,Agricultural\Plant production\Vegetables\Transformation,0.0072276644,0.047479551,1.7222101e-09,0.0033517094,0.00015464167,3.3129819e-09,1.282745e-09,7.1280897e-11,0.00045062054,1.3286832e-05,0.00055551554,0.0016141147,2.7790384,6.941672,0.020720266,0.50950379,4.8665248e-07,2.5393591e-05,0.047407344,4.6812937e-05
"Carotte, conventionnel, de saison, Aquitaine, à la ferme, France",Culture,Agricultural\Plant production\Vegetables\Transformation,0.014832415,0.047193539,1.963869e-09,0.030651323,0.00017693698,4.7746576e-09,4.7497264e-09,1.1390436e-10,0.00068552408,2.3610174e-05,0.00035908545,0.0016060356,10.61039908,7.0116392,0.38786244,0.99111378,7.8391681e-07,7.3433668e-05,0.047070738,4.9366809e-05
"Carotte, conventionnel, hiver, Aquitaine, à la ferme, France",Culture,Agricultural\Plant production\Vegetables\Transformation,0.015308881,0.057319981,2.9898782e-09,0.02056267,0.00024188919,5.7521989e-09,5.1855801e-09,9.9635007e-11,0.00085170184,2.0844115e-05,0.00038357614,0.0021761599,13.100103,5.6565303,0.25024147,0.94324637,8.8656239e-07,7.6532669e-05,0.057196075,4.7373354e-05
"Carotte, conventionnel, hiver, Creances, Basse-Normandie, à la ferme, France",Culture,Agricultural\Plant production\Vegetables\Transformation,0.0311143959999999,0.12560808,7.1157203e-09,0.018484569,0.00046964029,1.5603364e-08,1.1120357e-08,1.4459783e-10,0.0022241376,2.674589e-05,0.0024352906,0.0069934705,24.886919400000004,6.2835396,0.1809627,1.642279,1.8004163e-06,0.00014869688,0.12535725,0.00010212951
"Carotte, conventionnel, hiver, Mont St. Michel, Basse-Normandie, à la ferme, France",Culture,Agricultural\Plant production\Vegetables\Transformation,0.0104268449999999,0.064855126,3.0512373e-09,0.0039960331,0.00021083258,4.155013e-09,5.5933567e-09,7.9349534e-11,0.00056481848,1.4820238e-05,0.00086219832,0.0020426384,5.1972907,6.2875303,0.027669435,0.68965901,6.0545814e-07,3.5369146e-05,0.064765148,5.4609202e-05
"Carotte, conventionnel, hiver, Val de Saire, Basse-Normandie, à la ferme, France",Culture,Agricultural\Plant production\Vegetables\Transformation,0.0090649743,0.060940322,3.4085813e-09,0.0044835936,0.00019865715,3.9083121e-09,1.5216441e-09,7.1966908e-11,0.00051952345,1.4257909e-05,0.0005512765,0.0017905236,5.2276586,5.1568086,0.028609758,0.71282276,6.3098187e-07,3.7746036e-05,0.060843785,5.8790315e-05
"Carotte, conventionnel, précoce, Aquitaine, à la ferme, France",Culture,Agricultural\Plant production\Vegetables\Transformation,0.022645427,0.079853173,2.9374506e-09,0.034261031,0.00029980801,7.4709571e-09,7.7989937e-09,1.3383927e-10,0.0010626385,3.1424627e-05,0.0012455895,0.0022651199,17.54646228,6.8170077,0.42046934,1.6271053,1.1424169e-06,0.00013654858,0.079637478,7.914635e-05
"Cerise, conventionnelle, moyenne nationale, au verger, France",Culture,Agricultural\Plant production\Fruits\Transformation,0.17440878,0.4606008,1.0443234e-08,0.026117156,0.0018110881,2.059229e-08,2.4033364e-08,9.6863501e-10,0.0029725331,0.00024061313,0.0009564059399999,0.010313909,66.9224168,728.15779,4.6702364,5.6536791,4.3623741e-06,0.00043894671,0.45978263,0.00037922553
"Chanvre, paille, Champagne, à la ferme, France",Culture,Agricultural\Plant production\Cereals\Transformation,0.029222587,0.1513582,1.2613998e-09,0.0032446042,0.00036465747,2.392772e-08,1.1300495e-08,3.9618781e-10,0.0034999098,8.8623638e-05,0.0025076057,0.015525269,0.94531487,43.481129,0.01662204,0.70242333,6.4857017e-07,2.3648505e-05,0.10033413,0.051000423
"Chevreau, conventionnel, fourage intensif, à la ferme, France",Elevage,Agricultural\Animal production\Caprine\Transformation,0.3781717799999999,2.6894057,2.0106187e-08,0.21283421,0.0052242778,4.6412281e-07,4.1249992e-08,1.5602221e-09,0.065234105,0.00025859361,0.011413141,0.28515772,22.9518197,234.5027,1.1570116,11.959211,6.7767016e-06,1.2723974,1.2952598,0.12174851
"Chevrette de réforme, conventionnel, fourrage intensif, à la ferme, France",Elevage,Agricultural\Animal production\Dairy\Transformation,1.2697748,8.0309373,5.8259284e-08,0.54567876,0.015126578,1.7190999e-06,1.7088717e-07,5.527503e-09,0.24959122,0.00056282734,0.032914757,1.1121963,77.706899,585.1573,2.8376636,27.200271,1.7862401e-05,4.748509,3.3903444,-0.10791609
"Chicorée witlode, en saison, conventionnel, perte de réfrigérant 300%, stockage et forçage, à la ferme, France",Culture,Agricultural\Plant production\Vegetables\Transformation,0.0435501639999999,0.85684232,1.9588238e-07,0.2129241,0.00035378821,7.1152485e-09,2.5763843e-09,1.6914756e-10,0.00067238912,3.710175e-05,0.00014215168,0.0016334345,8.3538326,0.42222991,0.066888814,5.4366113,2.1530889e-06,0.00020232969,0.85656972,7.0265535e-05
"Chou-fleur conventionnel, culture d'été, à la ferme, France",Culture,Agricultural\Plant production\Vegetables\Transformation,0.029425005,0.21560129,1.0044531e-08,0.0133590069999999,0.00065178958,9.7344984e-09,5.1880489e-09,1.4943971e-10,0.0015495196,2.260292e-05,0.0066058663,0.0063756293,2.08715139,16.7155,0.06768763,1.6728503,1.3943857e-06,6.2123817e-05,0.21546183,7.7329076e-05
"Chou-fleur conventionnel, culture d'hiver, à la ferme, France",Culture,Agricultural\Plant production\Vegetables\Transformation,0.031741096,0.22204256,8.8491407e-09,0.016424567,0.00065067195,2.0669594e-08,2.1089083e-08,2.8744978e-10,0.0031104178,2.4391586e-05,0.002843292,0.013173345,2.619366,23.085131,0.02660303,1.7160077,1.3649497e-06,5.9258787e-05,0.22189126,9.2044665e-05
"Chou-fleur conventionnel, moyenne nationale, à la ferme, France",Culture,Agricultural\Plant production\Vegetables\Transformation,0.031453901,0.22124384,8.997369e-09,0.016044437,0.00065081053,1.9313642e-08,1.9117355e-08,2.7033654e-10,0.0029168665,2.4169792e-05,0.0033098512,0.012330428,2.5533715,22.295297,0.03169752,1.7106562,1.3685998e-06,5.9614051e-05,0.22109401,9.0219932e-05
"Clémentine, pour exportation, au verger, Souss, Maroc",Culture,Agricultural\Plant production\Fruits\Transformation,0.33998664,0.31474808,5.9677926e-09,0.0072236324,0.0012619254,1.5312591e-08,1.2470743e-08,9.427142e-11,0.0030431593,8.2615902e-05,0.00041837199,0.0088276434,134.023042,27.608065,35.588354,3.4928049,1.2882559e-06,0.00024837313,0.3139233,0.00057640732
"Colza, conventionnel, 9% d'humidité, moyenne nationale, aliment pour animaux, production, France",Culture,Agricultural\Plant production\Oil seeds\Transformation,0.15550749,1.150749,4.0258181e-08,0.04219782,0.0036259184,1.2161271e-07,1.7652857e-08,1.4878502e-09,0.016802853,0.00026079849,0.011649591,0.078642928,25.3079701,159.54936,0.28100723,5.7542753,4.2563511e-06,0.029652001,0.93468912,0.18640786
"Colza, levier culture intermédiaire, à la ferme, France",Culture,Agricultural\Plant production\Oil seeds\Transformation,0.13324211,0.90375812,3.5791261e-08,0.015164464,0.0029766315,1.0746684e-07,2.5889388e-08,1.7146642e-09,0.016731821,0.00025764458,0.0080637331,0.073028952,22.8620679,138.22736,0.28516067,4.1374431,2.6168874e-06,0.00017171245,0.74175337,0.16183304
"Colza, levier légumineuse dans rotation, à la ferme, France",Culture,Agricultural\Plant production\Oil seeds\Transformation,0.13599598,0.91218494,3.5796141e-08,0.015127312,0.0029751202,1.0731555e-07,2.494532e-08,1.7026311e-09,0.016717335,0.00025663396,0.0098686609,0.073029302,22.8742334,138.19583,0.28311433,4.1363919,2.6247925e-06,0.00017131262,0.75019307,0.16182056
"Colza, scénario de base, à la ferme, France",Culture,Agricultural\Plant production\Oil seeds\Transformation,0.13621295,0.91226654,3.5791244e-08,0.015164308,0.0029766188,1.0746669e-07,2.5889288e-08,1.7146624e-09,0.016731807,0.00025764384,0.0098689065,0.073028923,22.8620523,138.22735,0.2851591,4.137373,2.616867e-06,0.0001716988,0.75026181,0.16183303
"Coquille Saint-Jacques,  Pecten maximus, bais de St Brieuc, drague, au débarquement, France",Pêche,Agricultural\Animal production\Fish\Transformation,0.1328742799999999,0.73932114,1.5740582e-08,0.0072754161,0.016042943,1.6701276e-07,4.645657e-09,5.718305e-10,0.021754566,4.3564455e-05,0.0053165398,0.057890958,4.5119289,1.1123672,0.021676584,9.5922796,6.3831994e-06,0.00014210609,0.73847391,0.00070511872
"Courgette conventionnelle, automne sous tunnel, à la ferme, France",Culture,Agricultural\Plant production\Vegetables\Transformation,0.042305771,0.25366578,5.0292365e-09,0.046228556,0.0011447497,2.5198358e-08,3.1347505e-08,5.703579e-10,0.0032191563,4.9469483e-05,0.000843261,0.012681562,3.3247067,6.2856829,0.62769231,4.6561122,3.0487268e-06,0.0017590207,0.25149993,0.00040683593
"Courgette conventionnelle, moyenne nationale, à la ferme, France",Culture,Agricultural\Plant production\Vegetables\Transformation,0.0240694859999999,0.14787573,3.3550706e-09,0.024314034,0.00057348706,1.2139185e-08,1.0097825e-08,2.798635e-10,0.0015941838,3.5253544e-05,0.0011029963,0.0060810943,2.02450555,10.986756,0.43371072,2.3597381,1.7181902e-06,0.00050718159,0.14717654,0.00019201019
"Courgette conventionnelle, plein champ, à la ferme, France",Culture,Agricultural\Plant production\Vegetables\Transformation,0.021311863,0.13338787,3.3880522e-09,0.018661037,0.00045097919,8.0670038e-09,4.289923e-09,2.3025156e-10,0.0011088822,3.9309793e-05,0.001638064,0.003959315,1.96209393,17.864424,0.39573438,1.8286959,1.5353093e-06,7.7667045e-05,0.13316917,0.00014102911
"Courgette conventionnelle, printemps sous tunnel, à la ferme, France",Culture,Agricultural\Plant production\Vegetables\Transformation,0.024320128,0.14748926,3.029156e-09,0.027467624,0.00062538802,1.4876284e-08,1.3553763e-08,2.9078775e-10,0.0019086624,2.7881374e-05,0.00049485475,0.0075420368,1.8787312,3.4023162,0.44691636,2.6154184,1.7141402e-06,0.00081730827,0.14645443,0.00021751685
"Crevette, Chine, conventionnelle, à la ferme, France",Aquaculture,Agricultural\Animal production\Seafood\Transformation,1.3452896,7.7403063,8.6432307e-07,0.64947369,0.02994307,5.1002083e-07,1.1143379e-07,7.6777552e-09,0.049744872,0.0035818414,0.051455895,0.13014098,140.892182,102.86895,76.716314,84.861227,2.0932018e-05,0.021270682,7.2747065,0.44432907
"Dinde, conventionnel, à la ferme, France",Elevage,Agricultural\Animal production\Avian\Transformation,0.48613322,2.8536728,4.6158471e-08,0.17004195,0.010719323,5.5417611e-07,5.5051974e-08,2.8124092e-09,0.079812464,0.00037344319,0.022032977,0.34530548,127.55486,146.66684,0.79094917,17.319829,8.7471338e-06,0.033144479,1.7573932,1.063135
"Dinde, Label Rouge, à la ferme, France",Elevage,Agricultural\Animal production\Avian\Transformation,0.71762775,3.9193547,6.264528e-08,0.22973641,0.014452161,8.7114366e-07,7.5093115e-08,3.8245095e-09,0.1253908,0.00050642081,0.031069598,0.54467932,175.18093900000002,212.84391,1.0825783,23.34343,1.1913924e-05,0.045107965,2.4187931,1.4554536
"Endive conventionnelle, précoce, à la ferme, France",Culture,Agricultural\Plant production\Vegetables\Transformation,0.045566883,0.3213394,7.5291364e-08,0.19958029,0.00084280761,1.0927526e-08,6.0789557e-09,4.5991503e-10,0.0012066778,7.0665951e-05,0.0022639627,0.0031847625,16.6734062,38.801696,0.096623965,7.1367048,3.4970255e-06,0.00026223456,0.32004055,0.0010366133
"Endive conventionnelle, saison, à la ferme, France",Culture,Agricultural\Plant production\Vegetables\Transformation,0.035275464,0.24679268,6.0350494e-08,0.2176999,0.00058356703,9.0315619e-09,4.4269157e-09,3.3809048e-10,0.0009437705,5.2704721e-05,0.0012731669,0.002519485,10.8538245,25.505007,0.076488298,6.3732921,2.8199444e-06,0.00023198814,0.24588864,0.000672055
"Endive conventionnelle, tardive, à la ferme, France",Culture,Agricultural\Plant production\Vegetables\Transformation,0.0633269,0.35998461,7.9547735e-08,0.56407724,0.00094395341,1.4791206e-08,7.9365094e-09,4.8470749e-10,0.0015435447,8.9759325e-05,0.0020980665,0.0038463946,13.1262027,38.004476,0.1071638,14.36422,5.778465e-06,0.00046601129,0.35870849,0.00081011458
"Endive, conventionnelle, moyenne nationale, à la ferme, France",Culture,Agricultural\Plant production\Vegetables\Transformation,0.048554322,0.3069788,7.1017564e-08,0.35262691,0.0007795697,1.1714613e-08,6.1611612e-09,4.211022e-10,0.0012362616,7.1118809e-05,0.0018012859,0.0031833043,12.926692,33.164132,0.092785631,9.7223457,4.1387688e-06,0.00033164668,0.30584696,0.0008001905
"Féverole, conventionnel, moyenne nationale, à la ferme, France",Culture,Agricultural\Plant production\Legumes\Transformation,0.046212826,0.30254122,4.6306863e-09,0.0061331975,0.00048153119,7.9746452e-09,2.7111973e-09,6.7509128e-10,0.0011322489,0.00011976699,0.0071988704,0.0040425717,18.131459,108.31998,0.030150258,1.28463,9.3744708e-07,4.3937875e-05,0.17534582,0.12715146
"Féverole, conventionnel, protection intégrée, à la ferme, France",Culture,Agricultural\Plant production\Legumes\Transformation,0.044966245,0.29950094,4.4400267e-09,0.0059509499,0.00047339175,7.913972e-09,2.6464669e-09,6.7313702e-10,0.0011251695,0.00011938833,0.0071971749,0.0040297822,15.1148445,108.31554,0.030189078,1.2421496,9.0910275e-07,4.2837913e-05,0.17230782,0.12715028
"Fibres de chanvre, France",Culture,Agricultural\Plant production\Cereals\Transformation,0.070835551,0.36689228,3.0576331e-09,0.0078649205,0.0008839297,5.8000793e-08,2.7392399e-08,9.6035926e-10,0.0084837813,0.0002148237,0.0060784362,0.037633253,2.2914432600000003,105.39826,0.040291824,1.7026741,1.5721341e-06,5.7323977e-05,0.24320993,0.12362503
"Fraise conventionnelle, hors sol sous abri anti gel, à la ferme, France",Culture,Agricultural\Plant production\Vegetables\Transformation,0.11763242,0.87554831,2.8384673e-08,0.2450186,0.0029972087,4.9262007e-08,1.418606e-08,1.4073862e-09,0.0051407253,0.0006191809,0.0026541891,0.015726687,14.9143208,11.405362,0.77290047,19.18202,1.2897836e-05,0.0008540892,0.87401952,0.00067470556
"Fraise conventionnelle, hors sol sous abri chauffé, à la ferme, France",Culture,Agricultural\Plant production\Vegetables\Transformation,0.28851814,3.1357839,1.2410635e-07,0.44822559,0.0089278282,1.6447446e-07,2.5844511e-08,2.3554807e-09,0.011511188,0.00085873259,0.0044027218,0.033699119,23.1358091,30.083105,1.0567066,55.260899,1.9339125e-05,0.0038966725,3.1299602,0.0019270175
"Fraise conventionnelle, hors sol sous abri non chauffé, à la ferme, France",Culture,Agricultural\Plant production\Vegetables\Transformation,0.12698208,0.72144359,1.8284107e-08,0.1299341,0.0029534773,5.9741742e-08,1.4309183e-08,1.6818258e-09,0.0061177962,0.00112259,0.0047023122,0.020545677,13.7029745,13.498256,1.2485754,14.025694,1.4957698e-05,0.00093502593,0.71966282,0.00084574949
"Fraise conventionnelle, moyenne nationale, à la ferme, France",Culture,Agricultural\Plant production\Fruits\Transformation,0.12883847,1.0788418,3.8168236e-08,0.19416268,0.0035133843,6.801576e-08,1.6574276e-08,1.4517667e-09,0.0060642679,0.00050232899,0.0028056843,0.019322658,14.5457647,17.810947,0.87817304,20.635856,1.2216159e-05,0.0013016765,1.0767026,0.00083751778
"Fraise conventionnelle, plein champ, à la ferme, France",Culture,Agricultural\Plant production\Vegetables\Transformation,0.050887942,0.17824435,6.9720032e-09,0.065885158,0.00092694194,3.266662e-08,1.2519515e-08,3.7964737e-10,0.0048210677,6.5950291e-05,0.0039838969,0.019781722,8.6923394,33.166284,1.0308671,3.3178332,1.7724675e-06,0.0001373819,0.17793582,0.00017115182
"Fraise conventionnelle, sol sous abri non chauffé, à la ferme, France",Culture,Agricultural\Plant production\Vegetables\Transformation,0.071918017,0.47582197,1.3116935e-08,0.080094818,0.0018539385,4.0092773e-08,1.5175783e-08,1.2902778e-09,0.0038620916,0.00013802886,0.00067082472,0.012320265,11.7858956,9.9667905,0.63164005,10.221834,1.0683508e-05,0.00065750502,0.47460382,0.00056064966
"Fraise industrie, plein champ, conventionnel, à la ferme, Espagne",Culture,Agricultural\Plant production\Fruits\Transformation,0.13249128,0.24011765,8.5399896e-09,0.069800157,0.0012454922,3.48606e-08,1.3252203e-08,3.2911011e-10,0.0051616858,6.9615433e-05,0.0040603931,0.021103069,9.1246969,98.190381,10.463442,4.2684484,2.2720486e-06,0.0001501457,0.23978119,0.00018631067
"Fraise industrie, plein champ, conventionnel, à la ferme, maroc",Culture,Agricultural\Plant production\Fruits\Transformation,0.13167334,0.16752684,6.8603151e-09,0.065353584,0.00075715571,3.367764e-08,1.270148e-08,2.8987121e-10,0.0048161649,6.5364417e-05,0.0039244424,0.019647647,8.7028289,63.871132,11.619869,3.258631,1.6719383e-06,0.00013513714,0.16722607,0.0001656363
"Fraise industrie, plein champ, conventionnel, à la ferme, Pologne",Culture,Agricultural\Plant production\Fruits\Transformation,0.055138972,0.16752684,6.8603151e-09,0.065353584,0.00075715571,3.367764e-08,1.270148e-08,2.8987121e-10,0.0048161649,6.5364417e-05,0.0039244424,0.019647647,8.7028289,136.19217,0.36120245,3.258631,1.6719383e-06,0.00013513714,0.16722607,0.0001656363
"Gadidae, mer celtique, chalut de fond, au débarquement, France",Pêche,Agricultural\Animal production\Fish\Transformation,0.6250567300000001,3.5800711,7.7450502e-08,0.028113815,0.079842015,8.3257364e-07,1.408478e-08,2.3145472e-09,0.10859658,0.00011283478,0.026629508,0.29002939,20.6195208,3.0969961,0.095802984,46.430187,7.9901652e-06,0.00050366586,3.576603,0.0029644724
"Génisse allaitante  système d'engraissement conventionnel, plus de 1,2 UGB par ha, à la ferme, France",Elevage,Agricultural\Animal production\Bovine\Transformation,1.7159072999999998,18.133315,6.6816818e-08,0.47906924,0.026100323,1.8208481e-06,2.8338405e-07,6.3692144e-09,0.27129672,0.00053965289,0.061543046,1.211588,57.437459,1020.4264,1.7451759,31.966773,1.6705375e-05,13.460085,4.6207209,0.05250939
"Grain de café (robusta), dépulpés, au Brésil, au départ de l'exploitation, Brésil",Culture,Agricultural\Plant production\Fruits\Transformation,0.52546731,1.625605,3.6816293e-08,0.042050116,0.0068294953,3.2189209e-07,1.6177181e-08,5.0101384e-10,0.047351498,0.00019477429,0.034649176,0.20164509,635.506518,223.94054,0.72101363,10.193134,1.1782224e-05,0.0006949281,1.6242573,0.00065282902
"Graine de chanvre, Champagne, à la ferme, France",Culture,Agricultural\Plant production\Cereals\Transformation,0.16247087,0.84229298,7.025857e-09,0.018071287,0.002032446,1.3289305e-07,6.2771816e-08,2.2020927e-09,0.019440574,0.00049260535,0.013949279,0.086236615,5.25941633,241.86265,0.092505509,3.9127049,3.6116806e-06,0.00013166253,0.55833283,0.28382849
"Graine de tournesol,  conventionnel, 9% d'humidité, moyenne nationale, aliment pour animaux, à la ferme, France",Culture,Agricultural\Plant production\Oil seeds\Transformation,0.12947157,0.89712484,1.0343719e-08,0.031477827,0.0019427156,6.8036792e-08,3.5430946e-08,3.2411551e-09,0.0082654929,0.00052616774,0.011311153,0.041755019,14.2417585,241.06169,0.20475622,3.9093871,2.9565482e-06,0.036022777,0.57849727,0.2826048
"Graine de tournesol, levier culture intermédiaire, à la ferme, France",Culture,Agricultural\Plant production\Oil seeds\Transformation,0.10881321,0.78514268,7.4415494e-09,0.01527021,0.0016001757,3.6498847e-08,3.3800155e-09,3.5876039e-09,0.0056511125,0.00071860146,0.010202354,0.023230852,10.0571064,242.381,0.11296131,3.5003281,2.6066041e-06,0.00011178255,0.50043946,0.28459143
"Graine de tournesol, levier légumineuse dans rotation, à la ferme, France",Culture,Agricultural\Plant production\Oil seeds\Transformation,0.11611223,0.79887066,6.122429e-09,0.012711247,0.0017332709,4.4469212e-08,2.9847241e-09,3.5510771e-09,0.006971234,0.00071226646,0.013078018,0.029444219,9.5836085,240.01817,0.13428397,2.9581273,2.2677691e-06,0.00011181165,0.51690564,0.28185321
"Graine de tournesol, scénario de base, à la ferme, France",Culture,Agricultural\Plant production\Oil seeds\Transformation,0.11537233,0.79662183,6.1181187e-09,0.012705403,0.0017316835,4.445758e-08,2.989393e-09,3.5548868e-09,0.0069691632,0.00071227907,0.012641481,0.029439002,9.559582,240.01814,0.13431605,2.9555088,2.2649545e-06,0.00011169383,0.51465641,0.28185372
"Graines de lin extrudées, aliment Bleu Blanc Coeur, à la ferme, France",Culture,Agricultural\Plant production\Oil seeds\Transformation,0.1714798599999999,1.1265284,1.4640087e-08,0.041249112,0.0029267201,1.1084647e-07,1.5606319e-08,3.1299474e-09,0.017237517,0.00048272338,0.015699036,0.07502444,14.4865335,278.00537,0.24920324,6.1135533,3.9449994e-06,0.00022572001,0.80027916,0.32602347
"Graines de lin, paille, Normandie, à la ferme, France",Culture,Agricultural\Plant production\Oil seeds\Transformation,0.0409095359999999,0.29715781,5.2128305e-09,0.015194946,0.0007255299,1.5439841e-08,3.315946e-08,6.4970363e-10,0.0025688076,0.00010571771,0.0010768456,0.0055123217,8.147316199999999,64.651321,0.06940902,2.7566428,2.6645358e-06,8.955131e-05,0.22188967,0.075178591
"Grande truite, 2-4 kg, conventionnel, à la ferme, France",Aquaculture,Agricultural\Animal production\Fish\Transformation,0.5889820800000001,2.240291,1.6511581e-07,0.77541318,0.0096825459,1.2620977e-07,2.7348387e-08,1.2946528e-09,0.01459474,0.010082606,0.047432689,0.051686882,51.654217,48.949403,17.447789,36.060067,7.3950796e-06,0.011196363,1.8867994,0.34229518
"Hareng de l'Atlantique, Clupea harengus, atlantique nord est, chalut pélagique, au débarquement, Pays-Bas",Pêche,Agricultural\Animal production\Fish\Transformation,0.095402824,0.56746633,3.9367315e-08,0.0046285975,0.01202076,1.2557028e-07,2.1098818e-09,3.1887501e-10,0.016452318,2.1959117e-05,0.0039982402,0.043532175,3.17317585,0.6600756,0.014782765,6.9659696,1.4556729e-06,0.00072144733,0.56559121,0.0011536712
"Haricot français, moyenne conventionnelle, nationale, à la ferme, France",Culture,Agricultural\Plant production\Vegetables\Transformation,0.038033997,0.095949997,9.5284677e-09,0.0026032256,0.00048755946,2.7789925e-08,1.4552752e-09,1.8115535e-10,0.0042343639,5.2313027e-05,0.0019331066,0.018691425,9.4072203,69.096778,0.85872665,0.65135674,4.7221022e-07,2.2976052e-05,0.095906955,2.0065843e-05
"Homard, au débarquement, France",Pêche,Agricultural\Animal production\Seafood\Transformation,2.7129093,15.349099,6.7334965e-07,0.86164988,0.2052825,2.208866e-06,3.0064975e-07,2.1567348e-08,0.27785421,0.0044607961,0.065872549,0.70434723,137.269588,40.392629,1.3266451,232.98177,0.00053759626,0.30936831,14.963246,0.076484619
"Kiwi FR, conventionnel, moyenne nationale, au verger, France",Culture,Agricultural\Plant production\Fruits\Transformation,0.053478553,0.27737512,6.011357e-09,0.021014002,0.0010222105,3.270136e-08,9.3136319e-09,6.6165106e-10,0.0028224433,7.3573169e-05,0.00052983078,0.014514612,4.1234669,46.382731,1.6374272,2.4742508,6.5188638e-06,0.036673427,0.24050609,0.00019560253
"Laine, conventionnel, système Roquefort, à la ferme, France",Elevage,Agricultural\Animal production\Ovine\Transformation,0.61218991,4.6064783,1.9487366e-08,0.17063684,0.0057292139,7.7257574e-07,5.7524098e-08,2.0097843e-09,0.1122758,0.00024780461,0.021389766,0.498414,18.7513793,524.74558,0.39686621,11.000116,6.0816583e-06,2.8640016,1.7031035,0.039373252
"Laine, système de production conventionnel, intérieur, à la ferme, France",Elevage,Agricultural\Animal production\Ovine\Transformation,0.4806702,4.3088038,1.5218499e-08,0.060609975,0.0065851434,5.3548869e-07,7.7698016e-08,2.0198233e-09,0.079348,0.00018085676,0.016841527,0.35306626,16.2432269,466.63556,0.23147906,6.6120482,4.8162553e-06,3.010565,1.2260374,0.072201456
"Lait de brebis, conventionnel, système Roquefort, à la ferme, France",Elevage,Agricultural\Animal production\Dairy\Transformation,0.24056949,1.8402287,7.0085981e-09,0.069465345,0.0021313365,3.0158778e-07,2.2265105e-08,7.5809739e-10,0.043786511,9.107877e-05,0.0087167029,0.19438057,6.8001042,211.84978,0.10840497,4.3462338,2.351673e-06,1.1524528,0.6627425,0.025033404
"Lait de chèvre, fourrage intensif, à la ferme, France",Elevage,Agricultural\Animal production\Dairy\Transformation,0.17189703,1.1920952,8.265832e-09,0.082229226,0.0020599635,2.2232671e-07,1.577357e-08,5.7989358e-10,0.031345283,0.00011318951,0.0055662933,0.13713261,10.5547392,91.01857,0.45600119,4.7397537,2.3870308e-06,0.56718859,0.55260865,0.072297919
"Lait de vache, moyenne nationale, à la ferme, France",Elevage,Agricultural\Animal production\Dairy\Transformation,0.10540724,1.1061238,6.1238304e-09,0.035083814,0.0017671955,1.010635e-07,1.3642623e-08,5.2881169e-10,0.014976555,6.8064244e-05,0.003992328,0.065590084,14.5777639,59.0766,0.11527343,2.2493909,1.8201174e-06,0.71753219,0.27334078,0.11525083
"Lait de vache, système conventionnel, lait de plaine, maïs ensilage 10 à 30%, à la ferme, France",Elevage,Agricultural\Animal production\Dairy\Transformation,0.10670463,1.0549946,6.0961899e-09,0.03336488,0.0016786755,1.068574e-07,1.3911352e-08,5.2715178e-10,0.01579662,6.6067053e-05,0.004348262,0.069342102,15.6333768,57.661269,0.097237748,2.0865429,1.6970853e-06,0.65988666,0.24953698,0.14557094
"Lait de vache, système conventionnel, lait de plaine, maïs ensilage 5 à 10%, à la ferme, France",Elevage,Agricultural\Animal production\Dairy\Transformation,0.11127709,1.0980399,3.8266714e-09,0.038813928,0.0017302828,1.1536324e-07,1.8502617e-08,4.5094898e-10,0.017097476,4.1187329e-05,0.0043274754,0.075432298,8.499280899999999,73.178635,0.089710528,2.0587941,1.8201079e-06,0.74610435,0.2218773,0.13005824
"Lait de vache, système conventionnel, Lait de plaine, maïs ensilage plus de 30%, à la ferme, France",Elevage,Agricultural\Animal production\Dairy\Transformation,0.0993321849999999,1.0591142,6.4846858e-09,0.033318343,0.0017116257,9.0900246e-08,1.2639911e-08,5.3549546e-10,0.013466761,7.1214372e-05,0.0040900942,0.058748917,17.1639925,49.771473,0.11984904,2.1857368,1.8006313e-06,0.65387665,0.2602927,0.14494486
"Lait de vache, système conventionnel, montagne, nourri à l'herbe, à la ferme, France",Elevage,Agricultural\Animal production\Dairy\Transformation,0.12953972,1.4046025,5.534518e-09,0.04425617,0.0021749176,1.3383348e-07,1.5877403e-08,5.3751669e-10,0.019903632,6.8406317e-05,0.0029287978,0.087749449,3.9691943,97.962951,0.13172683,2.8681131,2.0973523e-06,1.0827546,0.39039013,-0.068542201
"Laitue conventionnelle, automne sous tunnel, à la ferme, France",Culture,Agricultural\Plant production\Vegetables\Transformation,0.019939929,0.099328088,2.9850388e-09,0.029351479,0.00040089472,9.8616364e-09,1.9180474e-08,3.391004e-10,0.0010524365,2.6470657e-05,0.00035088057,0.0039119149,3.0050135,2.8271309,0.28385107,2.5783183,1.7019942e-06,0.0014725107,0.097578947,0.0002766302
"Laitue conventionnelle, hiver sous tunnel, à la ferme, France",Culture,Agricultural\Plant production\Vegetables\Transformation,0.024182017,0.13541212,3.8022882e-09,0.023753179,0.00054475715,1.3008683e-08,1.9940977e-08,4.2619271e-10,0.0013835249,3.566514e-05,0.00040077222,0.0051453816,3.4091681,3.5124356,0.30426937,2.9250144,2.3599357e-06,0.0014659763,0.13366485,0.00028129606
"Laitue conventionnelle, moyenne nationale, à la ferme, France",Culture,Agricultural\Plant production\Vegetables\Transformation,0.0204198199999999,0.097654259,3.1919223e-09,0.037454607,0.00038955165,8.8923836e-09,2.2132805e-08,3.1348272e-10,0.0010397544,2.1833999e-05,0.0007397239,0.0039663301,2.34086591,3.4193933,0.31561749,2.497832,1.4730394e-06,0.00088834387,0.096576556,0.00018935925
"Laitue conventionnelle, plein champ, à la ferme, France",Culture,Agricultural\Plant production\Vegetables\Transformation,0.018124484,0.072188729,2.9200005e-09,0.050682003,0.0002817709,5.561225e-09,2.5128713e-08,2.2134842e-10,0.00080634935,9.7827416e-06,0.0012138707,0.0032306554,1.16325302,3.734491,0.3389504,2.1308873,7.5033213e-07,8.9983346e-05,0.072033246,6.5499686e-05
"Lapin de réforme, conventionnel, en cage, à la ferme, France",Elevage,Agricultural\Animal production\Others\Transformation,0.70393672,8.6931211,1.7832689e-07,1.387381,0.019886954,3.2612574e-07,9.5635102e-08,7.1403472e-09,0.036664818,0.0012114488,0.02493004,0.13555695,87.127768,372.09385,1.2218042,89.044619,2.7999492e-05,2.505292,5.4175368,0.77029224
"Lapin, conventionnel, en cage, à la ferme, France",Elevage,Agricultural\Animal production\Others\Transformation,0.26430343,3.4381395,3.2415326e-08,0.26092197,0.006321146,1.7752672e-07,3.4266362e-08,2.0741e-09,0.022238161,0.00040356581,0.010258553,0.091105569,34.121935,145.25544,0.35917163,16.619253,6.462285e-06,1.890294,1.2270164,0.32082906
"Lupin de printemps, 2013, conventionnel, moyenne nationale, à la ferme, France",Culture,Agricultural\Plant production\Legumes\Transformation,0.1206048,0.91703265,9.3587699e-09,0.018535106,0.0011120028,2.4378316e-08,4.5391527e-09,3.5467549e-09,0.0019346816,0.00045276079,0.018352451,0.010171131,8.5997692,348.21816,0.078434224,3.3901914,2.7467671e-06,0.043045857,0.46805891,0.40592788
"Lupin de printemps, 2015, conventionnel, moyenne nationale, à la ferme, France",Culture,Agricultural\Plant production\Legumes\Transformation,0.24816621,0.88961034,9.8741212e-09,0.020573212,0.0014631306,2.9618532e-07,3.7896066e-08,2.6521368e-09,0.042649432,0.00043501649,0.018625619,0.18768494,10.3967301,327.97621,0.15404012,3.6483095,3.5835998e-06,0.00013445902,0.50697298,0.3825029
"Lupin d'hiver, 2013, conventionnel, moyenne nationale, à la ferme, France",Culture,Agricultural\Plant production\Legumes\Transformation,0.087915427,0.62462,6.2578468e-09,0.010479937,0.00068530607,1.211622e-08,2.370512e-09,2.5817029e-09,0.0010628458,0.00036309356,0.014930905,0.0043414255,6.0993812,272.01508,0.060029371,1.9252722,1.5593798e-06,0.015965018,0.28918793,0.31946706
"Lupin d'hiver, 2015, conventionnel, moyenne nationale, à la ferme, France",Culture,Agricultural\Plant production\Legumes\Transformation,0.086487133,0.55107227,3.7194735e-09,0.010311002,0.00093125681,2.5262253e-08,1.2513328e-08,1.752259e-09,0.0036834644,0.00030879104,0.01279334,0.014879259,7.7830732,229.72565,0.087005695,2.0671357,1.6681108e-06,7.3600968e-05,0.28124357,0.2697551
"Lupin, conventionnel, moyenne nationale, à la ferme, France",Culture,Agricultural\Plant production\Legumes\Transformation,0.11459354,0.67834927,6.3061701e-09,0.013019213,0.00094562895,5.8297794e-08,1.1303771e-08,2.4353416e-09,0.0079379393,0.0003668215,0.015182114,0.034579531,7.6758898,275.85437,0.085592754,2.4335857,2.0566893e-06,0.012035763,0.34317791,0.3231356
"Luzerne déshydratée, conventionnelle, processus avec énergie 100% biomasse, sortie usine, France",Culture,Agricultural\Animal feed\Feed ingredients\Transformation\Legumes based,0.041659863,0.26024935,5.7497316e-09,0.07370763,0.0019845967,3.8993738e-08,7.6577005e-09,2.8870637e-10,0.0018531916,4.5429503e-05,0.0029849859,0.0065864792,7.15589339,61.206079,0.059948494,3.5737176,1.4718328e-06,0.00072940908,0.19920243,0.060317512
"Luzerne déshydratée, conventionnelle, sortie usine, France",Culture,Agricultural\Animal feed\Feed ingredients\Transformation\Legumes based,0.061525955,0.55116443,5.8617999e-09,0.076178386,0.0024378429,5.2633713e-08,9.2369517e-09,3.1428614e-10,0.003931453,0.00022343029,0.0031436996,0.0079624146,7.59964873,56.392863,0.063827496,6.1400702,1.4194348e-06,0.00044181562,0.49056989,0.060152719
"Luzerne, conventionnel, par déshydratation, alimentation animale, à la ferme, France",Culture,Agricultural\Plant production\Roughage\Transformation,0.0245422299999999,0.18062812,3.8999716e-09,0.0050233498,0.00073205755,7.3988739e-09,5.1563569e-09,1.9327699e-10,0.00096267258,3.1909487e-05,0.0025957033,0.0023169114,6.51909468,51.56969,0.052067847,1.223007,1.0899652e-06,7.1003428e-05,0.12062731,0.059929809
"Luzerne, conventionnel, pour l'alimentation des animaux, à la ferme, France",Culture,Agricultural\Plant production\Roughage\Transformation,0.025273074,0.24901992,1.6061548e-09,0.0053751124,0.00022911621,2.0640163e-09,9.6447333e-10,1.3258268e-10,0.00021797661,2.1051095e-05,0.0039432345,0.00041439568,1.96218388,78.133959,0.020254557,1.1145424,7.6149193e-07,4.8966082e-05,0.15264968,0.096321281
"Luzerne, moyenne conventionnelle, nationale, à la ferme, France",Culture,Agricultural\Plant production\Roughage\Transformation,0.025053821,0.22850238,2.2942999e-09,0.0052695836,0.00037999861,3.6644736e-09,2.2220384e-09,1.5079097e-10,0.0004413854,2.4308612e-05,0.0035389752,0.00098515038,3.3292571000000004,70.164678,0.029798544,1.1470818,8.6003391e-07,5.5577286e-05,0.14304297,0.085403839
"Maïs grain, conventionnel, 28% d'humidité, moyenne nationale, alimentation animale, à la ferme, France",Culture,Agricultural\Plant production\Cereals\Transformation,0.06497755,0.35610761,1.0980621e-08,0.040547249,0.0011926015,5.379761e-08,7.0566011e-09,5.5439903e-10,0.0078635987,9.7711345e-05,0.003381946,0.035643017,19.9457911,49.468899,0.54974867,2.3536869,1.3929973e-06,0.00010747959,0.29813935,0.057860779
"Maïs grain, conventionnel, 28% d'humidité, moyenne nationale, avec empreinte eau, alimentation animale, à la ferme, France",Culture,Agricultural\Plant production\Cereals\Transformation,0.065349787,0.35610761,1.0980621e-08,0.040547249,0.0011926015,5.379761e-08,7.0566011e-09,5.5439903e-10,0.0078635987,9.7711345e-05,0.003381946,0.035643017,19.9457911,49.468899,0.59991415,2.3536869,1.3929973e-06,0.00010747959,0.29813935,0.057860779
"Maïs grain, levier culture intermédiaire systématique, à la ferme, France",Culture,Agricultural\Plant production\Cereals\Transformation,0.073767464,0.35524236,1.648925e-08,0.067316104,0.0011627489,5.9616659e-08,1.0256887e-08,8.0872035e-10,0.0089786307,0.00013832877,0.0025984399,0.039343597,22.76380971,54.908205,0.93472287,2.9822732,1.5558956e-06,9.9856467e-05,0.29131504,0.06382746
"Maïs grain, levier légumineuse dans rotation, à la ferme, France",Culture,Agricultural\Plant production\Cereals\Transformation,0.071900722,0.33951615,1.4734612e-08,0.066549415,0.0010920964,5.6392341e-08,9.8251207e-09,7.8688557e-10,0.0084999495,0.00013459325,0.0038452571,0.037289082,20.12494652,51.798786,0.92692071,2.8120394,1.4312373e-06,9.4416932e-05,0.27883797,0.06058376
"Maïs grain, scénario de base, à la ferme, France",Culture,Agricultural\Plant production\Cereals\Transformation,0.076367399,0.37094741,1.5100199e-08,0.066863896,0.0012172213,6.1396836e-08,1.20271e-08,8.1648523e-10,0.0092862422,0.0001379837,0.0038597303,0.0408341,20.14482627,54.569742,0.94269199,2.9395019,1.4966128e-06,0.00010026995,0.30702312,0.063824022
"Maquereau Atlantique, Scomber scombrus, atlantique nord est, chalut pélagique, au débarquement, Pays-Bas",Pêche,Agricultural\Animal production\Fish\Transformation,0.096465735,0.5766123,4.3017435e-08,0.0047071063,0.012132689,1.2677409e-07,2.1419911e-09,3.2307075e-10,0.016610558,2.2537184e-05,0.0040353668,0.04393545,3.2082607000000003,0.67462517,0.0150797,7.0348478,1.4974205e-06,0.00075002128,0.57466359,0.0011986896
"Melon conventionnel, moyenne nationale, à la ferme, France",Culture,Agricultural\Plant production\Vegetables\Transformation,0.031400933,0.17189891,3.9124483e-09,0.039488608,0.00058480749,9.7617417e-09,9.1904477e-09,4.7112984e-10,0.001191886,8.2007196e-05,0.0021022131,0.0036031469,2.07901975,21.799179,0.75314586,3.6030746,1.9981494e-06,0.00025861717,0.17143219,0.00020809913
"Melon conventionnel, plein champ, à la ferme, France",Culture,Agricultural\Plant production\Vegetables\Transformation,0.028887001,0.15112221,3.4721552e-09,0.037134107,0.00050046811,8.1674001e-09,7.5120703e-09,4.3361327e-10,0.0010224913,8.0393682e-05,0.0021262548,0.0029808657,1.9292062,22.507657,0.73823533,3.1753779,1.7201618e-06,0.00012282597,0.1508207,0.00017869039
"Melon conventionnel, sous chenille, à la ferme, France",Culture,Agricultural\Plant production\Vegetables\Transformation,0.0422085919999999,0.25266198,5.6216037e-09,0.048725695,0.00091786916,1.4896548e-08,1.0663082e-08,6.0479862e-10,0.0019011734,0.00010603777,0.0027520217,0.005875154,2.9888328,24.280576,0.88998094,5.2872318,2.4327373e-06,0.00025506086,0.25212511,0.00028181678
"Melon conventionnel, sous tunnel, à la ferme, France",Culture,Agricultural\Plant production\Vegetables\Transformation,0.045344061,0.29930784,6.6157995e-09,0.053806654,0.0010945791,2.1050467e-08,2.6668764e-08,7.1849842e-10,0.0021583763,6.6639614e-05,0.00089746452,0.0076281631,2.5319007,10.007052,0.73237932,6.1950877,4.6218156e-06,0.0018472693,0.29701437,0.00044619711
"Moules, avec la coquille, au port, France",Aquaculture,Agricultural\Animal production\Seafood\Transformation,0.056722688,0.47410915,8.9033937e-09,0.048987554,0.0054787729,1.9223382e-08,3.3482438e-09,3.0392518e-10,0.0043746993,6.7948367e-05,0.0017737185,0.019057874,3.01776849,56.650922,0.087551199,7.6980624,2.5200157e-06,0.0057055232,0.4676354,0.00076823348
"Noix conventionnelle, en coque séchée, moyenne nationale, à la ferme, France",Culture,Agricultural\Plant production\Nuts\Transformation,0.23946635,1.50392,6.5947801e-08,0.13597927,0.006137815,1.2374302e-07,2.2930315e-08,8.7717092e-10,0.019616622,0.00022831165,0.0070407695,0.080722423,19.776058,318.51995,4.3204315,16.425561,1.8174358e-05,0.00052603826,1.5028474,0.00054654536
"Noix conventionnelle, en coque séchée, variétés à fructification latérale, à la ferme, France",Culture,Agricultural\Plant production\Nuts\Transformation,0.17187172,1.1810509,6.7877042e-08,0.11371725,0.0043783223,8.827649e-08,1.5660957e-08,6.0162932e-10,0.013817938,0.00014128182,0.0045854129,0.056650739,16.9899574,166.56522,3.5150535,13.734475,1.1675908e-05,0.0003991115,1.1802679,0.0003837953
"Noix conventionnelle, en coque séchée, variétés traditionnelles, à la ferme, France",Culture,Agricultural\Plant production\Nuts\Transformation,0.2619979,1.611543,6.5304721e-08,0.14339995,0.0067243126,1.355652e-07,2.5353435e-08,9.6901812e-10,0.021549516,0.0002573216,0.0078592217,0.088746318,20.7047575,369.17152,4.5888908,17.322589,2.0340508e-05,0.00056834718,1.6103739,0.00060079539
"Oeuf, moyenne nationale, à la ferme, France",Elevage,Agricultural\Animal production\Avian\Transformation,,,,,,,,,,,,,,,,,,,,
"Oeuf, production conventionnelle, intérieur, cage règles 2012, à la ferme, France",Elevage,Agricultural\Animal production\Avian\Transformation,,,,,,,,,,,,,,,,,,,,
"Oeuf, système conventionnel, en plein air, à la ferme, France",Elevage,Agricultural\Animal production\Avian\Transformation,,,,,,,,,,,,,,,,,,,,
"Oeuf, système conventionnel, intérieur, au sol, à la ferme, France",Elevage,Agricultural\Animal production\Avian\Transformation,,,,,,,,,,,,,,,,,,,,
"Oeuf, système conventionnel, intérieur, en cage, à la ferme, France",Elevage,Agricultural\Animal production\Avian\Transformation,,,,,,,,,,,,,,,,,,,,
"Oignon conventionnel, jour court semé, à la ferme , France",Culture,Agricultural\Plant production\Vegetables\Transformation,0.0154230539999999,0.066211106,1.9669775e-09,0.026078882,0.00025880127,6.4736961e-09,3.5779962e-09,1.3309156e-10,0.00093395405,2.5784246e-05,0.0013559821,0.0031888546,2.52214272,11.510276,0.32657723,1.0747566,1.1208654e-06,4.9042029e-05,0.066068369,9.3694995e-05
"Oignon conventionnel, jour long planté, à la ferme, France",Culture,Agricultural\Plant production\Vegetables\Transformation,0.03808093,0.15077542,7.068271e-09,0.073120842,0.00057671236,1.4188891e-08,8.5154872e-09,3.126449e-10,0.0020376937,6.0087112e-05,0.0039303267,0.0070248928,5.5234397,27.737018,0.9244861,2.6908086,2.5102163e-06,0.0001127022,0.15045718,0.00020553244
"Oignon conventionnel, jour long semé, à la ferme, France",Culture,Agricultural\Plant production\Vegetables\Transformation,0.01431083,0.056137847,3.3241147e-09,0.028873234,0.000220959,5.4240281e-09,2.8387881e-09,1.2743899e-10,0.00078050753,2.4460347e-05,0.0012170458,0.0026345267,2.1259639,11.80833,0.36485495,1.0500299,9.7137457e-07,4.556206e-05,0.056014642,7.7642879e-05
"Oignon conventionnel, moyenne nationale, à la ferme, France",Culture,Agricultural\Plant production\Vegetables\Transformation,0.016799062,0.066608931,3.5628166e-09,0.03301856,0.00026031856,6.4054812e-09,3.4803788e-09,1.4652484e-10,0.0009215708,2.8155414e-05,0.0015022675,0.0031289961,2.50532938,13.371393,0.41699029,1.2165805,1.1402078e-06,5.2624071e-05,0.066464269,9.2037047e-05
"Pêche conventionnelle, moyenne nationale, au verger, France",Culture,Agricultural\Plant production\Fruits\Transformation,0.056198628,0.15342513,2.9391635e-09,0.048018971,0.00036229903,4.4339296e-09,1.2072622e-08,2.3193808e-10,0.00060456853,4.3929458e-05,0.0089927864,0.0017919066,12.87535655,146.8973,1.2466086,2.2546426,1.7543315e-06,6.1799414e-05,0.15330676,5.6567922e-05
"Petit pois annuel pour transformation industrielle, conventionnel, moyenne nationale, à la ferme, France",Culture,Agricultural\Plant production\Vegetables\Transformation,0.05604457,0.31750405,1.1341899e-08,0.006164329,0.00069514039,3.7728967e-08,4.666776e-09,4.9304655e-10,0.0054481808,8.9670774e-05,0.0055596746,0.023601565,9.8000598,71.028389,0.5366987,2.1845379,1.1335895e-06,6.1575914e-05,0.31381078,0.0036316952
"Petite truite, 250-350g,  conventionnel, à la ferme, France",Aquaculture,Agricultural\Animal production\Fish\Transformation,1.4366126,1.8707147,1.8983274e-07,0.71223982,0.0089928902,1.3247698e-07,1.9538514e-08,9.0225431e-10,0.01316121,0.011330402,0.043941965,0.047031036,63.713178,47.670227,131.46539,33.445399,7.0542498e-06,0.011671166,1.7599801,0.099063355
"Poire conventionnelle, au verger, France",Culture,Agricultural\Plant production\Fruits\Transformation,0.019964059,0.078595288,5.5833437e-09,0.029809852,0.0003637396,4.9035271e-09,4.4270056e-09,2.0073084e-10,0.00079186454,1.3906139e-05,0.00044947111,0.0029014263,2.24043371,12.229785,1.033256,1.4033309,1.3027578e-06,4.6449129e-05,0.078512148,3.6691142e-05
"Poire, à la ferme, Pays-Bas",Culture,Agricultural\Plant production\Fruits\Transformation,0.023526295,0.053226812,2.4132441e-09,0.0046233154,0.00050065774,1.7298921e-08,4.3017397e-09,5.8325485e-10,0.002447809,2.5451485e-05,0.00017453395,0.010358854,24.3206765,16.241817,0.051011547,0.67106911,6.7664767e-07,0.00045894176,0.052703178,6.4691429e-05
"Poireau conventionnel, automne irrigué, à la ferme, France",Culture,Agricultural\Plant production\Vegetables\Transformation,0.030799923,0.15443475,1.5098712e-08,0.078727968,0.00063028888,1.0738374e-08,4.8312419e-08,3.6139682e-10,0.0016712189,1.5387735e-05,0.0011526792,0.0067965442,4.99061393,4.1056932,0.42596345,2.9495546,1.2708466e-06,8.1452084e-05,0.15429551,5.7785484e-05
"Poireau conventionnel, hiver non irrigué, à la ferme, France",Culture,Agricultural\Plant production\Vegetables\Transformation,0.022349528,0.15698201,8.5819378e-09,0.016427656,0.00055906766,1.3342045e-08,1.2956314e-08,1.5867799e-10,0.0019771251,2.0240754e-05,0.0012503894,0.0077255566,6.2422848,6.7389617,0.044320456,1.7193469,1.4224545e-06,7.1616192e-05,0.1568259,8.4493272e-05
"Poireau conventionnel, moyenne nationale, à la ferme, France",Culture,Agricultural\Plant production\Vegetables\Transformation,0.027506515,0.15186452,9.3111419e-09,0.045561849,0.00057975479,1.2672867e-08,2.9584517e-08,2.5890185e-10,0.0018946219,2.0156133e-05,0.0011822617,0.0071934037,8.348022400000001,5.9015174,0.23385225,2.3243777,1.4435195e-06,9.151154e-05,0.15169589,7.7114699e-05
"Poireau conventionnel, précoce planté, à la ferme, France",Culture,Agricultural\Plant production\Vegetables\Transformation,0.037368885,0.13468245,3.3881519e-09,0.087735663,0.00057182458,1.282886e-08,5.1792926e-08,4.1085649e-10,0.0018779727,2.5063348e-05,0.00098907772,0.0060749214,17.2199088,5.13339,0.55830944,3.3211564,1.7132139e-06,0.00015558872,0.13444833,7.8532194e-05
"Poireau conventionnel, précoce semé, à la ferme, France",Culture,Agricultural\Plant production\Vegetables\Transformation,0.038381808,0.13416343,6.8573418e-09,0.070173506,0.00058008569,1.4938287e-08,5.2339291e-08,3.8856791e-10,0.0022230675,2.9166218e-05,0.0012031313,0.0068306024,22.7981676,8.6830688,0.34139071,2.7490808,1.7335897e-06,0.00017163548,0.13390099,9.0796936e-05
"Pois de printemps, conventionnel, 15% d'humidité, aliment pour animaux, à la ferme, France",Culture,Agricultural\Plant production\Legumes\Transformation,0.055068144,0.3436466,2.0308176e-08,0.018245395,0.00060326206,9.6391976e-09,5.6305244e-09,8.8088743e-10,0.0013890059,0.00016875603,0.0078756913,0.0049213169,19.8347455,121.51531,0.17259938,1.8749027,1.3293865e-06,6.0070627e-05,0.20093091,0.14265562
"Pois d'hiver, conventionnel, 15% d'humidité, à la ferme, France",Culture,Agricultural\Plant production\Legumes\Transformation,0.064007275,0.39223699,2.1620633e-08,0.016836629,0.0006849963,1.1247474e-08,5.3374861e-09,1.3449442e-09,0.0016297689,0.00027359424,0.0093684181,0.0058479515,19.4201203,144.68973,0.14816363,1.9720329,1.4407667e-06,6.4535464e-05,0.2222898,0.16988265
"Poivre noir, conventionnel, à la ferme, Vietnam",Culture,Agricultural\Plant production\Fruits\Transformation,0.2992029799999999,2.4615444,2.1931317e-08,0.19599699,0.0082329914,2.9916958e-07,2.7251464e-08,7.0299688e-10,0.021188908,0.00034488881,0.022142783,0.13111444,11.621109700000002,234.27977,1.3621756,14.903491,1.8772034e-05,0.44320571,2.0160526,0.0022860783
"Pomme à cidre, moyen conventionnel, national, au verger, France",Culture,Agricultural\Plant production\Fruits\Transformation,0.013458259,0.088594411,5.0599914e-09,0.004270033,0.00024285529,2.8994479e-09,1.7365478e-08,2.8628253e-10,0.00044180995,1.2520423e-05,0.0008994742,0.0014772532,1.94370959,20.22983,0.0092538479,0.82123891,1.056815e-06,2.8824479e-05,0.088532418,3.3168564e-05
"Pomme conventionnelle, moyenne nationale, au verger, France",Culture,Agricultural\Plant production\Fruits\Transformation,0.015753786,0.075189594,7.7808705e-09,0.015330981,0.00038436589,5.3113349e-09,4.2313436e-09,2.14384e-10,0.00068646464,1.3753403e-05,0.00034322906,0.0029102714,6.9320383,12.06034,0.42724241,1.0469718,9.9927894e-07,0.0043160331,0.070798624,7.4936633e-05
"Pomme conventionnelle, non tolérante à la tavelure, au verger, France",Culture,Agricultural\Plant production\Fruits\Transformation,0.015810389,0.075421262,8.11681e-09,0.015316557,0.00038444829,5.3320093e-09,4.2735005e-09,2.1384696e-10,0.0006890342,1.3771842e-05,0.0003387345,0.0029062374,7.0970485,12.028719,0.42494271,1.051252,1.0031501e-06,0.0043164391,0.071030577,7.4245906e-05
"Pomme conventionnelle, tolérante tavelure, au verger, France",Culture,Agricultural\Plant production\Fruits\Transformation,0.015244362,0.073104573,4.7574144e-09,0.015460798,0.00038362432,5.1252655e-09,3.8519317e-09,2.1921735e-10,0.00066333857,1.3587446e-05,0.00038368014,0.002946577,5.4469464,12.344925,0.4479397,1.0084496,9.6443836e-07,0.0043123786,0.068711042,8.1153176e-05
"Pomme de terre fécule, moyenne conventionnel, national, à la ferme, France",Culture,Agricultural\Plant production\Roots and tubers\Transformation,0.011334781,0.085457933,1.991815e-09,0.0033215641,0.00026244899,6.3334598e-09,3.5730903e-09,1.180361e-10,0.00096172954,1.9029344e-05,0.00077356062,0.0038779306,2.05576705,14.729385,0.023122799,0.56223947,4.9653384e-07,3.7113751e-05,0.068206662,0.017214157
"Pommes de terre, conventionnel, à usage industriel, à la ferme, France",Culture,Agricultural\Plant production\Roots and tubers\Transformation,0.013441523,0.093988573,2.3279088e-09,0.010323746,0.00030024033,7.4514785e-09,4.0873855e-09,1.2990285e-10,0.0011361155,2.151226e-05,0.00074461956,0.0046099166,2.2975004,14.973093,0.11583058,0.75011138,5.8355777e-07,4.3991601e-05,0.076460094,0.017484488
"Pommes de terre, conventionnel, mélange de variétés, moyenne nationale, à la ferme, France",Culture,Agricultural\Plant production\Roots and tubers\Transformation,0.013049546,0.092212942,2.2593062e-09,0.0091617674,0.0002925398,7.2287476e-09,3.9846655e-09,1.275011e-10,0.0011012815,2.1023347e-05,0.00075041704,0.0044635419,2.2487967,14.924445,0.10054387,0.71644911,5.6554809e-07,4.2724069e-05,0.074739819,0.017430399
"Pommes de terre, conventionnel, pour le marché frais, autres variétés, à la ferme, France",Culture,Agricultural\Plant production\Roots and tubers\Transformation,0.013498005,0.093854914,2.3252476e-09,0.010782319,0.00029996675,7.4531571e-09,4.0876528e-09,1.2984824e-10,0.0011361986,2.1527009e-05,0.00074463737,0.0046099598,2.2968139,14.973274,0.1220899,0.75763467,5.8239451e-07,4.4199367e-05,0.076326271,0.017484444
"Pommes de terre, conventionnel, pour le marché frais, variétés à chair ferme, à la ferme, France",Culture,Agricultural\Plant production\Roots and tubers\Transformation,0.0155604189999999,0.10575916,2.7946032e-09,0.013282402,0.00033203597,8.0316784e-09,5.2658471e-09,1.5833145e-10,0.001213159,2.589083e-05,0.00090857214,0.0048401861,2.8206853,17.45826,0.14856683,0.89394615,6.8735953e-07,5.2745577e-05,0.085323819,0.020382596
"Porc, Label Rouge, système plein air, à la ferme, France",Elevage,Agricultural\Animal production\Porcine\Transformation,0.41695549,2.3416799,3.7141992e-08,0.38289214,0.006248348,4.7627609e-07,3.105955e-08,2.1399699e-09,0.067051398,0.00039257314,0.017624639,0.29265799,93.863929,168.86996,0.9952757,18.231365,1.0430507e-05,0.41539094,1.6272652,0.29902373
"Porc, conventionnel, Cahier des charges Porc bien-être, à la ferme, France",Elevage,Agricultural\Animal production\Porcine\Transformation,0.34272343,2.5493865,3.0472468e-08,0.2538397,0.0057698072,3.4267375e-07,2.8137683e-08,1.8751906e-09,0.048088915,0.00036305803,0.012917465,0.20817829,94.316587,158.1946,0.81294547,14.152121,7.8302623e-06,1.0531543,1.2846209,0.21161131
"Porc, conventionnel, fourniture d'aliments à la ferme, à la ferme, France",Elevage,Agricultural\Animal production\Porcine\Transformation,0.37064211,2.6922152,2.791021e-08,0.22629748,0.0060699806,3.9901247e-07,2.7245075e-08,2.1874198e-09,0.057600373,0.00034152978,0.014561848,0.25048234,83.555457,161.84949,0.75848986,12.261171,7.5647566e-06,1.0385373,1.2365362,0.41714167
"Porc, conventionnel, moyenne nationale, à la ferme, France",Elevage,Agricultural\Animal production\Porcine\Transformation,0.35237491,2.7941587,3.6760835e-08,0.41853717,0.0063435638,3.205921e-07,3.1449332e-08,2.1162373e-09,0.044565286,0.00038365295,0.013201376,0.19220629,89.38251600000001,161.62783,0.95123835,19.019492,1.0629231e-05,1.0381988,1.4692988,0.28666105
"Porc moyen (97% porc, 3% truie de réforme), conventionnel, moyenne nationale, à la ferme, France",Elevage,Agricultural\Animal production\Porcine\Transformation,0.39315252,3.0834652,4.0546763e-08,0.48968766,0.0069446099,3.6300463e-07,3.4746049e-08,2.3511951e-09,0.050520907,0.00042497422,0.014491327,0.2180984,95.51314,178.81576,1.0456643,21.539723,1.1972794e-05,1.1603621,1.6136006,0.3095025
"Porc, Label Rouge, moyenne nationale (50% courette, 50% plein air), à la ferme, France",Elevage,Agricultural\Animal production\Porcine\Transformation,0.46946533,3.6289505,4.0914565e-08,0.4073098,0.0070897187,4.935394e-07,3.5104124e-08,2.291064e-09,0.069418785,0.00041946877,0.016856849,0.30208972,103.326719,176.38375,1.046535,20.145013,1.1515857e-05,1.0074723,2.2896984,0.33177973
"Porc moyen (97% porc, 3% truie de réforme), Label Rouge, moyenne nationale (50% courette, 50% plein air), à la ferme, France",Elevage,Agricultural\Animal production\Porcine\Transformation,0.51308228,3.9432208,4.4933148e-08,0.49042651,0.0076919476,5.3875366e-07,3.8653341e-08,2.5324247e-09,0.075807035,0.00046242293,0.018149612,0.32987607,109.52614,193.93647,1.1485512,22.951978,1.297653e-05,1.1611599,2.4279031,0.35415785
"Porc, Label Rouge, système courette, à la ferme, France",Elevage,Agricultural\Animal production\Porcine\Transformation,0.52197517,4.9162211,4.4687138e-08,0.43172746,0.0079310894,5.1080272e-07,3.9148699e-08,2.4421581e-09,0.071786172,0.0004463644,0.016089059,0.31152144,112.78951,183.89754,1.0977942,22.05866,1.2601208e-05,1.5995536,2.9521317,0.36453573
"Poule de réforme, conventionnel, intérieur, au sol, à la ferme, France",Elevage,Agricultural\Animal production\Avian\Transformation,,,,,,,,,,,,,,,,,,,,
"Poule de réforme, conventionnel, intérieur, cage règles 2012, à la ferme, France",Elevage,Agricultural\Animal production\Avian\Transformation,,,,,,,,,,,,,,,,,,,,
"Poule de réforme, conventionnel, intérieur, en cage, à la ferme, France",Elevage,Agricultural\Animal production\Avian\Transformation,,,,,,,,,,,,,,,,,,,,
"Poule de réforme, conventionnel, moyenne nationale, à la ferme, France",Elevage,Agricultural\Animal production\Avian\Transformation,,,,,,,,,,,,,,,,,,,,
"Poule de réforme, conventionnel, système extérieur, à la ferme, France",Elevage,Agricultural\Animal production\Avian\Transformation,,,,,,,,,,,,,,,,,,,,
"Poulet, conventionnel, à la ferme, France",Elevage,Agricultural\Animal production\Avian\Transformation,0.38585061,1.8638007,3.0563213e-08,0.12093183,0.0074266987,4.8977736e-07,3.3782736e-08,2.5370352e-09,0.069876768,0.00037821484,0.015481044,0.31118839,78.032228,161.6369,0.71976888,11.335022,5.739888e-06,0.052745005,1.2388943,0.57216137
"Poulet, Label Rouge, à la ferme, France",Elevage,Agricultural\Animal production\Avian\Transformation,0.4636940599999999,2.3350336,5.8336069e-08,0.17892269,0.010598814,5.3323517e-07,3.3363876e-08,3.0076038e-09,0.078398069,0.00049842235,0.019614144,0.34759016,98.814924,210.1377,1.305581,18.50234,7.8070685e-06,0.0505713,1.871446,0.41301632
"Poulet, moyenne nationale, à la ferme, France",Elevage,Agricultural\Animal production\Avian\Transformation,0.39624235,1.9259527,3.3956362e-08,0.12921989,0.0078252666,4.9607367e-07,3.4058536e-08,2.5984831e-09,0.071018033,0.00039457147,0.016052067,0.31622446,80.25570300000001,168.7288,0.80294725,12.259735,5.9980979e-06,0.053878288,1.3201225,0.55195198
"Production de racine d'endive conventionnelle, précoce, à la ferme, France",Culture,Agricultural\Plant production\Vegetables\Transformation,0.017363532,0.10876601,2.5600749e-08,0.0079783801,0.00026423759,2.6735785e-09,2.5533603e-09,2.1207963e-10,0.00031860213,2.6921055e-05,0.0015223349,0.00055814282,10.4392102,27.917531,0.036141137,1.4592829,1.04917e-06,4.610939e-05,0.10801805,0.00070185069
"Production de racine d'endive conventionnelle, saison, à la ferme, France",Culture,Agricultural\Plant production\Vegetables\Transformation,0.010126046,0.065183076,1.6415461e-08,0.0042334759,0.00014036531,1.3717564e-09,1.376064e-09,1.2770472e-10,0.00017112234,1.5740666e-05,0.00083408719,0.00030215073,6.6996015,18.447203,0.021575701,0.69933736,5.1507214e-07,1.7569987e-05,0.0647204,0.00044510614
"Production de racine d'endive conventionnelle, tardive, à la ferme, France",Culture,Agricultural\Plant production\Vegetables\Transformation,0.010602862,0.063924913,1.5139139e-08,0.0040435298,0.00013613473,1.3072326e-09,1.3131065e-09,1.2830565e-10,0.00016318363,1.7845254e-05,0.0010975819,0.00028762557,6.173767,22.084425,0.020011428,0.67725673,4.984413e-07,1.6838125e-05,0.063497551,0.00041052474
"Quinoa, conventionnel, à la ferme, France",Culture,Agricultural\Plant production\Cereals\Transformation,0.5521734500000001,6.1076336,2.3654076e-08,0.06237729,0.0069125362,1.0869852e-07,1.2909681e-07,2.9137645e-09,0.016506927,0.00042020951,0.089425504,0.064205232,20.0571542,256.02766,12.021123,10.991745,2.1154962e-05,0.00074639372,6.1048284,0.0020588096
"Quinoa, conventionnel, à la ferme, France",Culture,Agricultural\Plant production\Cereals\Transformation,0.35,1.7,2.37e-08,0.0624,0.00691,1.09e-07,1.29e-07,2.91e-09,0.0165,0.00042,0.0371,0.0642,17.1,264.0,12.0,11.0,2.12e-05,0.000746,1.69,0.00206
"Racines de chicorée, conventionnel, à la ferme, France",Culture,Agricultural\Plant production\Vegetables\Transformation\Seeds,0.012479131,0.083710561,5.1395982e-09,0.0057072672,0.00030977327,8.7999638e-09,1.4566107e-09,1.9644604e-10,0.0011097283,3.5602796e-05,0.00086021313,0.0039439567,1.20603878,11.813452,0.047413118,0.73971065,9.21138e-07,0.00011912157,0.083514798,7.6641097e-05
"Raisin pour du jus, conventionnel, à la ferme, Etats-Unis",Culture,Agricultural\Plant production\Fruits\Transformation,0.37679342,0.28216807,1.4956729e-08,0.016902342,0.0011954495,1.7009957e-08,3.0492977e-08,2.4158037e-10,0.0027221731,0.00011345799,0.002834917,0.0073667939,196.874902,29.81171,35.400402,3.058734,1.1047712e-05,0.00037996805,0.28159067,0.00019742741
"Raisin, intégré, mélange français, France",Culture,Agricultural\Plant production,0.076150154,0.34127957,8.8473089e-09,0.028927056,0.0016515662,4.3865006e-08,7.3404323e-08,2.0928193e-09,0.0044903189,0.00014960373,0.0035131951,0.018106731,13.5538506,55.53168,0.06365859,3.7656599,1.0679095e-05,0.0085431325,0.33194244,0.00079399907
"Raisin, production intégrée, AOC Beaujolais, au vignoble, France",Culture,Agricultural\Plant production\Fruits\Transformation,0.13203325,0.63109272,2.3475335e-08,0.040439614,0.002907052,8.8745259e-08,9.3586589e-08,3.5768356e-09,0.0080337751,0.00024859022,0.0025060952,0.031399812,38.1811316,74.667795,0.11117597,7.4026821,2.1268438e-05,0.011248647,0.61864252,0.0012015491
"Raisin, production intégrée, mélange de variétés, Languedoc-Roussillon, au vignoble, France",Culture,Agricultural\Plant production\Fruits\Transformation,0.074337161,0.33176599,8.3497381e-09,0.028581026,0.0016107121,4.2373099e-08,7.2844791e-08,2.0448204e-09,0.0043746583,0.00014642289,0.003556004,0.017675454,12.7133736,54.971966,0.062114737,3.6451958,1.0327768e-05,0.0084654341,0.32251929,0.0007812722
"Saithe, Pollachius virens, mer du Nord, chalut de fond, congelés, au débarquement, France",Pêche,Agricultural\Animal production\Fish\Transformation,0.77235449,4.624258,3.467807e-07,0.034420851,0.097482304,1.015957e-06,1.6217641e-08,2.6258607e-09,0.13270098,0.00013704244,0.032533828,0.35440289,25.0413246,3.7353317,0.10905779,56.568424,1.1745959e-05,0.00089870317,4.6215761,0.0017831777
"Saithe, Pollachius virens, mer du Nord, chalut de fond, frais, au débarquement, Europe",Pêche,Agricultural\Animal production\Fish\Transformation,0.39663338,2.2642895,8.2690514e-08,0.016647811,0.050302239,5.2454314e-07,8.8428162e-09,1.3676865e-09,0.068526021,7.2439951e-05,0.016804402,0.18307979,12.9900296,1.8656681,0.051592656,28.840398,7.5770329e-06,0.00029140346,2.2632046,0.00079353631
"Sardine européenne,  Sardina pilchardus, atlantique centre est, senne, au débarquement, France",Pêche,Agricultural\Animal production\Fish\Transformation,0.02755421,0.15072597,3.176933e-09,0.0011671354,0.0033785413,3.5345174e-08,9.1553639e-10,9.2100059e-11,0.0046153587,6.4762435e-06,0.0011303197,0.012298853,0.9281791,0.24319648,0.0053004026,1.9566355,1.1633911e-06,2.4533289e-05,0.15056818,0.00013325774
"Sardine européenne, Sardina pilchardus, baie de Biscay, senne, au débarquement, France",Pêche,Agricultural\Animal production\Fish\Transformation,0.067072967,0.37234577,8.6458891e-09,0.0030971138,0.0081895638,8.5315961e-08,2.6307793e-09,2.2150811e-10,0.011189117,1.8074001e-05,0.002731917,0.029695206,2.35061951,0.40682431,0.014786368,4.7959531,2.7990195e-06,7.374794e-05,0.37078798,0.0014840443
"Saumon issu d'aquaculture, conventionnel, à la ferme, Norvège",Pêche,Agricultural\Animal production\Fish\Transformation,0.3100008,2.2106452,1.6145227e-07,0.3497157,0.011056826,1.6076953e-07,4.3657851e-08,2.4011685e-09,0.019831925,0.00057584597,0.037327814,0.078358656,49.67809,116.59034,0.4938601,25.327321,2.3887875e-05,0.0080916535,1.7943135,0.40824005
"Soja, cut-off date 2008, à la ferme, Brésil",Culture,Others\Adapted from Ecoinvent cut-off U,0.086905196,0.83035729,7.3508263e-09,0.0089801259,0.0014715067,2.1528664e-08,2.3347891e-08,3.6601934e-10,0.002525571,0.00012690414,0.0090051279,0.0091755335,75.054374,6.5125086,0.10335271,2.5164475,3.5960962e-06,0.00026338921,0.40152745,0.42856645
"Soja, cut-off date 2020, à la ferme, Brésil",Culture,Others\Adapted from Ecoinvent cut-off U,0.1149824399999999,1.3509751,6.682438e-09,0.0084858671,0.0024469482,2.8934182e-08,3.1571848e-08,1.1399585e-09,0.0031574017,0.00011061483,0.009647704,0.011601351,94.97522,13.869717,0.10225702,2.5071109,3.4623444e-06,0.00025775925,0.41345451,0.93726286
"Soja, issu de zones non déforestées, à la ferme, Brésil",Culture,Others\Adapted from Ecoinvent cut-off U,0.080425833,0.71021471,7.50507e-09,0.009094186,0.001246405,1.98197e-08,2.14501e-08,1.87418e-10,0.002379764,0.000130663,0.008856841,0.00861573,70.457255,4.8146913,0.10360556,2.5186021,3.62696e-06,0.000264688,0.39877505,0.311
"Soja, moyenne nationale, aliment pour animaux, à la ferme, France",Culture,Agricultural\Plant production\Legumes\Transformation,0.063376963,0.45892391,1.1657199e-08,0.0065238686,0.00064671745,1.2681986e-08,-2.1897661e-09,5.8989067e-10,0.0019085101,0.00028936503,0.0091450765,0.0072442145,5.9924059,201.19494,0.032199873,1.3959694,1.1118662e-06,4.9200201e-05,0.22242754,0.23644718
"Sole commune, Solea solea, baie de Biscay, trémail, au débarquement, France",Pêche,Agricultural\Animal production\Fish\Transformation,0.45121292,2.3280804,5.1292294e-08,0.022454366,0.047467505,4.9763216e-07,4.4785911e-08,1.7110978e-09,0.065266865,0.00016134701,0.01589231,0.17186316,18.2329259,2.5724461,0.2071473,30.394266,5.4271047e-05,0.00067916573,2.3212339,0.0061673148
"Sorgho ensilage, moyenne nationale, alimentation animale, à la ferme, France",Culture,Agricultural\Plant production\Roughage\Transformation,0.034614089,0.19691456,5.8024405e-09,0.010469803,0.00057974753,1.9694089e-08,1.1024105e-09,9.8405827e-10,0.0030426409,0.00017764791,0.0031780577,0.013163138,3.1376263,59.265509,0.094590649,1.1380636,7.9949606e-07,3.0206057e-05,0.12726754,0.069616822
"Sorgho, conventionnel, moyenne nationale, alimentation animale, à la ferme, France",Culture,Agricultural\Plant production\Roughage\Transformation,0.0535681379999999,0.4074714,1.0755581e-08,0.018261895,0.00086159814,1.9610411e-08,1.5634579e-09,1.2866483e-09,0.003041892,0.00027004185,0.0048338541,0.01222765,5.83616,109.52851,0.21950751,1.8860006,1.3388474e-06,7.5300042e-05,0.27888117,0.12851493
"Taurillon allaitant, conventionnel, système d'engraissement, moins de 1.2 UGB par ha, à la ferme, France",Elevage,Agricultural\Animal production\Bovine\Transformation,1.6563731000000002,17.861857,6.2537518e-08,0.38314374,0.024872018,1.6549162e-06,2.5324769e-07,7.6472013e-09,0.2457628,0.00083677845,0.043962125,1.0864323,98.728607,1471.5371,1.1904782,27.68734,2.2124657e-05,14.341435,4.2550718,-0.73464952
"Taurillon allaitant, conventionnel, système d'engraissement, plus de 1.2 UGB par ha, à la ferme, France",Elevage,Agricultural\Animal production\Bovine\Transformation,1.4905065,15.823614,6.9811492e-08,0.33215201,0.023703058,1.5413407e-06,2.2996136e-07,6.1453038e-09,0.22960152,0.0006321362,0.053934005,1.0179676,118.524138,793.13615,1.0664547,28.148757,1.8271804e-05,11.193749,4.0541193,0.57574548
"Taurillon laitier, conventionnel, système d'engraissement, à la ferme, France",Elevage,Agricultural\Animal production\Bovine\Transformation,0.72768941,7.7688168,4.4926827e-08,0.22283433,0.012688943,7.0007133e-07,7.8898291e-08,3.6943338e-09,0.10311721,0.0005214568,0.02493226,0.44461763,127.09999,243.58261,0.77783146,17.695301,1.8597988e-05,4.5395561,2.1880861,1.0411746
"Thon albacore, Thunnus alalunga, atlantique nord est, chalut pélagique, au débarquement, France",Pêche,Agricultural\Animal production\Fish\Transformation,0.8137527,4.6039036,1.0287773e-07,0.030760375,0.10493453,1.0914311e-06,1.7694275e-08,2.6341453e-09,0.14280904,0.00011726907,0.035032438,0.38158277,26.595772200000003,3.7677073,0.099195345,59.553805,9.4757365e-06,0.0005578943,4.6000912,0.0032545039
"Thon Albacore, Thunnus albacares, atlantique centre est, senne, au débarquement, côte d'Ivoire",Pêche,Agricultural\Animal production\Fish\Transformation,0.36510028,2.0726448,4.2969668e-08,0.020260823,0.045869001,4.7828706e-07,1.0456865e-08,1.2724582e-09,0.062511967,8.0443232e-05,0.015327081,0.16675297,12.2295663,1.8621792,0.078519406,26.718852,8.3001504e-06,0.00037400729,2.071468,0.00080275806
"Thon Listao, Katsuwonus pelamis, atlantique centre est, senne, au débarquement, côte d'Ivoire",Pêche,Agricultural\Animal production\Fish\Transformation,0.36282289,2.0589271,4.2698322e-08,0.019694339,0.045621422,4.7577794e-07,1.0303198e-08,1.2663308e-09,0.06218017,7.8654237e-05,0.015246649,0.16588378,12.1390615,1.8396704,0.076901879,26.539279,8.1225095e-06,0.00036419761,2.0577726,0.00079032987
"Thon rouge,  Thunnus thynnus, méditerrannée, palangre, au débarquement, France",Pêche,Agricultural\Animal production\Fish\Transformation,0.39540763,1.9065577,4.1570849e-08,0.029938261,0.03591411,3.8295046e-07,4.9351329e-08,1.6608371e-09,0.050492314,0.00037442687,0.01198015,0.12958023,15.3721936,3.7900036,0.17620744,24.293223,7.3244204e-05,0.0013801613,1.8830576,0.022119945
"Thon rouge, Thunnus thynnus, méditerrannée, senne, à la ferme, France",Pêche,Agricultural\Animal production\Fish\Transformation,0.24666695,1.124634,2.6801583e-08,0.025529557,0.019319701,2.080821e-07,3.508169e-08,1.3261702e-09,0.027471042,0.00029764007,0.0064606073,0.06945015,10.9609657,2.6139511,0.16225635,14.196238,5.9720726e-05,0.00080997404,1.1106605,0.013163591
"Tomate conventionnelle, calibre inermédiaire, sol sous abri non chauffé, à la ferme, France",Culture,Agricultural\Plant production\Vegetables\Transformation,0.020534685,0.1601896,5.1832515e-09,0.030033311,0.00049808261,1.0013481e-08,9.8271386e-09,2.4821271e-10,0.0012037717,2.3525745e-05,0.00073405504,0.004631368,1.35399022,2.3434496,0.25518654,2.815917,1.5882982e-06,0.00087851288,0.15913439,0.00017669909
"Tomate conventionnelle, calibre intermédiaire, sous abri chauffé, à la ferme, France",Culture,Agricultural\Plant production\Vegetables\Transformation,0.12542865,1.8240119,7.5482646e-08,0.11894367,0.0040121826,4.4741232e-08,6.6614294e-09,6.1738966e-10,0.0041242689,0.00039898048,0.0020954807,0.010632832,4.5160389,2.8118838,0.24217892,26.883132,4.1800012e-06,0.00051119475,1.8231407,0.00035993389
"Tomate conventionnelle, panier moyen, serre chauffée, moyenne nationale, à la ferme, France",Culture,Agricultural\Plant production\Vegetables\Transformation,0.17696171,2.5749024,1.0655657e-07,0.16790918,0.0056638769,6.3159847e-08,9.4041628e-09,8.7167314e-10,0.0058221058,0.00056322869,0.0029581268,0.015010047,6.3754328000000005,2.9122478,0.34187667,37.950106,5.9007814e-06,0.00072163819,2.5736727,0.00050810781
"Tomate conventionnelle, panier moyen, sol sous abri non chauffé, moyenne nationale, à la ferme, France",Culture,Agricultural\Plant production\Vegetables\Transformation,0.021312762,0.16615128,5.3754651e-09,0.031147054,0.00051655331,1.0384816e-08,1.0251228e-08,2.5788496e-10,0.0012484119,2.4398165e-05,0.00076578916,0.0048031158,1.40433174,2.4303531,0.26464977,2.9203413,1.647198e-06,0.00091109129,0.16505694,0.00018325173
"Tourteau, 1 kg de produit, au débarquement, Angleterre",Pêche,Agricultural\Animal production\Seafood\Transformation,0.85026015,4.8933137,2.161464e-07,0.32105817,0.064085172,6.9313669e-07,9.4804569e-08,6.7794513e-09,0.087185135,0.0014112064,0.02072887,0.22167482,41.483428,14.170291,0.33220521,70.642544,0.00016892484,0.097108734,4.7720292,0.024175708
"Tourteau, 1 kg de produit, au débarquement, France",Pêche,Agricultural\Animal production\Seafood\Transformation,0.4848422699999999,2.721636,1.2248349e-07,0.36680214,0.036038439,3.9150712e-07,5.3332607e-08,3.81557e-09,0.04902151,0.00079273765,0.011683085,0.12455735,23.445468,7.3300016,0.23007194,43.433558,9.5011816e-05,0.054644901,2.6534644,0.013526725
"Tourteau, 1 kg de produit, au débarquement, Irlande",Pêche,Agricultural\Animal production\Seafood\Transformation,0.75314905,4.2703534,1.8858397e-07,0.1727895,0.057320341,6.21032e-07,8.4720395e-08,6.0716815e-09,0.078084467,0.001262442,0.018554242,0.19829964,37.108179,11.245191,0.28465668,60.120807,0.00015178689,0.087291327,4.1614597,0.0216023
"Triticale, conventionnel, moyenne nationale, alimentation animale, à la ferme, production, France",Culture,Agricultural\Plant production\Cereals\Transformation,0.068235692,0.54905466,9.0677316e-09,0.010257421,0.0017680347,3.5962678e-08,8.5182572e-09,9.805108e-10,0.0059561493,0.00017081706,0.0072077215,0.026484409,2.8215664,104.63524,0.089896948,2.4095189,1.6386573e-06,0.00012494711,0.42616621,0.1227635
"Truie de réforme, conventionnel, Cahier des charges Porc bien-être, à la ferme, France",Elevage,Agricultural\Animal production\Porcine\Transformation,1.5478789,12.072787,1.2225777e-07,1.9574984,0.022402062,1.6780357e-06,1.235119e-07,8.0742218e-09,0.23869182,0.001428346,0.051592965,1.0418061,209.783067,642.57363,3.0239622,73.30858,3.7041583e-05,6.4201289,4.8338286,0.81882997
"Truie de réforme, conventionnel, fourniture d'aliments à la ferme, France",Elevage,Agricultural\Animal production\Porcine\Transformation,1.757841,11.845983,1.2189285e-07,1.9618569,0.024203083,2.0410075e-06,1.0736399e-07,1.0375672e-08,0.29522653,0.0016800645,0.064574981,1.2912827,212.244048,831.25628,2.6069078,74.49962,3.867406e-05,5.0677533,5.5772017,1.2010275
"Truie de réforme, conventionnel, moyenne nationale, à la ferme, France",Elevage,Agricultural\Animal production\Porcine\Transformation,1.7116283,12.437709,1.6295842e-07,2.7902202,0.026378433,1.734343e-06,1.4133991e-07,9.9481635e-09,0.24308599,0.0017610285,0.056199729,1.0552765,293.73664,734.55876,4.0987693,103.02719,5.5414662e-05,5.1103074,6.279359,1.048043
"Truie de réforme, Label Rouge, moyenne nationale (50% courette, 50% plein air), à la ferme, France",Elevage,Agricultural\Animal production\Porcine\Transformation,1.9233635,14.104627,1.7486734e-07,3.177867,0.027164015,2.0006815e-06,1.5341136e-07,1.0336422e-08,0.28236043,0.0018512742,0.059948961,1.2283016,309.97406,761.47425,4.4470779,113.71053,6.0204935e-05,6.1303911,6.8965194,1.077717
"Truie de réforme, Label Rouge, système courette, à la ferme, France",Elevage,Agricultural\Animal production\Porcine\Transformation,1.8999083,14.466046,1.7134733e-07,2.9904336,0.026833588,1.9667409e-06,1.5033251e-07,1.0106306e-08,0.27766727,0.0018073739,0.057780177,1.2079406,306.47169,743.66642,4.2987462,109.26216,5.8671289e-05,6.3022648,7.0972686,1.0665121
"Truie de réforme, Label Rouge, système plein air, à la ferme, France",Elevage,Agricultural\Animal production\Porcine\Transformation,1.9468188,13.743209,1.7838735e-07,3.3653005,0.027494442,2.0346221e-06,1.5649022e-07,1.0566539e-08,0.28705359,0.0018951745,0.062117744,1.2486625,313.47643,779.28208,4.5954096,118.15891,6.1738581e-05,5.9585173,6.6957701,1.0889219
"Vache allaitante de réforme, conventionnel, vache allaitante système, moins de 1.2 UGB par ha, à la ferme, France",Elevage,Agricultural\Animal production\Bovine\Transformation,1.8672017,19.71983,5.1201759e-08,0.43557867,0.028047622,1.8752613e-06,3.2177188e-07,8.8011742e-09,0.27924327,0.00082096942,0.046493268,1.2396093,48.139992,2021.229,1.136114,29.250289,2.1725016e-05,16.685034,4.7660359,-1.7312397
"Vache allaitante de réforme, conventionnel, vache allaitante système, plus de 1.2 UGB par ha, à la ferme, France",Elevage,Agricultural\Animal production\Bovine\Transformation,1.5766811,16.731625,6.2655596e-08,0.38661475,0.023962701,1.6660646e-06,2.6292364e-07,5.7688128e-09,0.2483272,0.00047013994,0.057555876,1.1089031,49.966317,978.33254,1.3945513,29.410661,1.4456258e-05,12.304661,4.2708981,0.15606588
"Vache de réforme, conventionnel, système laitier de montagne, nourri à l'herbe, à la ferme, France",Elevage,Agricultural\Animal production\Bovine\Transformation,1.2973616,14.784834,4.0749322e-08,0.17929696,0.01978543,1.3011285e-06,1.9272766e-07,5.4847083e-09,0.19305577,0.00054009432,0.02901813,0.85608736,32.903751,1223.4397,0.90500776,21.072116,1.505176e-05,12.146968,3.6662582,-1.0283923
"Vache de réforme, conventionnel, système laitier de plaine, ensillage de maïs 10 à 30%, à la ferme, France",Elevage,Agricultural\Animal production\Bovine\Transformation,1.0615488000000002,11.562038,4.9190126e-08,0.17723563,0.015943654,1.101134e-06,1.5488388e-07,4.2437301e-09,0.16284175,0.00045229927,0.035326505,0.72084456,63.745235,582.06161,1.3995609,18.164678,1.6249846e-05,8.301634,2.8407972,0.41960703
"Vache de réforme, conventionnel, système laitier de plaine, ensillage de maïs 5 à 10%, à la ferme, France",Elevage,Agricultural\Animal production\Bovine\Transformation,1.3213322,13.057536,3.3473919e-08,0.17252707,0.018002161,1.5133043e-06,2.4912469e-07,5.4997616e-09,0.2236983,0.00038668233,0.041082801,0.99482469,30.883172,791.76264,0.59012775,17.470411,1.9134542e-05,9.9530039,2.9541006,0.15043171
"Vache de réforme, conventionnel, système laitier de plaine, ensillage de maïs plus de 30%, à la ferme, France",Elevage,Agricultural\Animal production\Bovine\Transformation,0.8313461,9.1565552,3.9502358e-08,0.14009659,0.013802766,8.2071978e-07,1.2454469e-07,3.5780064e-09,0.12235933,0.00037793222,0.030221558,0.54143934,50.267837,516.04399,0.96174936,15.221935,1.372953e-05,6.4349845,2.2916304,0.42994038
"Veau conventionnel, système d'engraissement, système laitier de plaine, à la ferme, France",Elevage,Agricultural\Animal production\Bovine\Transformation\Production stages,1.1732237,12.680819,1.3485012e-07,0.67533481,0.021641779,1.0334582e-06,1.4077809e-07,6.5615123e-09,0.14913791,0.00086752346,0.04018931,0.64591372,172.23012,593.69291,1.6921914,53.884387,2.2834022e-05,7.0285307,4.4855804,1.1667077
